,Annual Expenses,Annual Income
17,187000.0,491000.0
18,52600.0,104000.0
19,15700.0,104000.0
20,16000.0,114000.0
21,38000.0,45000.0
22,61400.0,120000.0
23,72900.0,120000.0
24,279300.0,600000.0
25,61700.0,109000.0
26,64600.0,200000.0
27,231200.0,325000.0
28,53800.0,220000.0
29,59100.0,134000.0
30,26000.0,533000.0
31,45324.0,120000.0
33,141000.0,210000.0
34,42600.0,89000.0
35,55300.0,110000.0
36,38570.0,70000.0
37,62840.0,350000.0
38,14000.0,123000.0
39,43300.0,73000.0
40,56000.0,147000.0
41,90600.0,145000.0
42,48900.0,72000.0
43,24940.0,73000.0
44,117350.0,275000.0
45,22100.0,34000.0
46,56700.0,99500.0
48,36500.0,90000.0
49,31100.0,70000.0
50,168200.0,225000.0
51,109500.0,180000.0
52,384500.0,620000.0
53,30100.0,180000.0
54,30100.0,180000.0
55,51790.0,98325.0
56,158500.0,450000.0
57,76300.0,156000.0
58,40778.19,138841.0
59,73000.0,225000.0
60,18100.0,140000.0
61,23500.0,82000.0
62,60600.0,75000.0
63,244000.0,450000.0
64,55200.0,143000.0
65,64760.0,200000.0
66,50000.0,150000.0
67,38600.0,138000.0
68,295500.0,370000.0
69,189500.0,500000.0
70,30320.0,100000.0
71,84800.0,200000.0
72,52458.0,115000.0
73,260600.0,280000.0
74,81400.0,150000.0
76,140848.0,183503.0
77,114500.0,90000.0
78,79657.0,120000.0
79,28117.0,45700.0
80,48810.0,95000.0
81,147600.0,300000.0
83,61804.0,140000.0
84,26750.0,75000.0
85,78000.0,179000.0
86,56100.0,160000.0
90,77050.0,250000.0
91,56380.0,176000.0
93,87500.0,120000.0
94,57000.0,169000.0
95,145232.0,267000.0
97,253066.0,272000.0
98,59900.0,135000.0
99,56400.0,138000.0
100,4200.0,145000.0
101,147025.0,281000.0
102,51400.0,109000.0
103,38400.0,87000.0
104,123022.0,534866.0
105,39900.0,167000.0
106,55000.0,225000.0
107,68000.0,140000.0
108,11300.0,170000.0
110,81400.0,220000.0
111,56000.0,170000.0
112,170000.0,369000.0
113,102000.0,325000.0
115,51640.0,91864.32
116,44075.0,85000.0
117,83800.0,190000.0
118,170400.0,360000.0
119,80510.0,95000.0
120,31500.0,160000.0
121,101750.0,200000.0
122,9600.0,125000.0
123,65400.0,83000.0
124,84420.0,135000.0
125,18416.0,60612.0
126,54300.0,135000.0
127,11240.0,27000.0
128,3600.0,230000.0
129,156450.0,380000.0
130,91400.0,126000.0
131,151000.0,271000.0
134,59200.0,240000.0
135,361100.0000004,690000.0
136,85750.0,148000.0
137,94000.0,210000.0
138,182950.0,350000.0
139,62300.0,126000.0
140,24600.0,106000.0
141,47200.0,156000.0
142,32670.0,60000.0
144,41000.0,61000.0
145,117900.0,220000.0
146,22587.0,46000.0
147,52000.0,115000.0
148,163000.0,280000.0
150,86000.0,155000.0
151,52300.0,180000.0
152,54100.0,130000.0
153,32570.0,106000.0
154,51700.0,90000.0
156,12500.0,148000.0
157,258850.0,600000.0
158,2390.0,33000.0
159,83100.0,140000.0
160,136000.0,230000.0
161,30600.0,120000.0
162,42200.0,82000.0
163,2466.0,72000.0
164,63600.0,140000.0
165,30200.0,48000.0
166,151900.0,360000.0
167,129000.0,260000.0
168,75300.0,300000.0
169,103500.0,130000.0
171,51500.0,90000.0
172,68185.0,148000.0
173,14500.0,93000.0
174,132700.0,98000.0
175,40600.0,118000.0
176,47880.0,59460.0
177,55200.0,93000.0
178,14550.0,92000.0
179,114000.0,190000.0
180,8250.0,520000.0
181,34500.0,90000.0
182,6000.0,45000.0
183,78500.0,200000.0
184,33240.0,83000.0
185,27200.0,65000.0
186,56500.0,90000.0
187,67000.0,95000.0
188,67018.0,76000.0
189,37600.0,70000.0
190,11900.0,90000.0
191,20060.0,50000.0
193,619350.0,1000000.0
194,112292.0,441409.0
195,88571.0,120000.0
196,34440.0,71000.0
197,12000.0,25000.0
198,109000.0,513000.0
199,73700.0,205000.0
200,16250.0,38000.0
201,61793.0,101437.0
202,55050.0,96750.0
203,41702.0,90000.0
204,63575.0,225000.0
206,23089.0,46036.0
207,124400.0,205000.0
208,30547.0,75740.0
209,75000.0,135000.0
210,23100.0,85000.0
211,150225.0,327000.0
212,59200.0,127000.0
213,98000.0,280000.0
214,71100.0,140000.0
215,332000.0,800000.0
216,185400.0,200000.0
217,32366.0,79079.0
218,19200.0,65000.0
219,41000.0,85000.0
220,105080.0,153000.0
221,61800.0,220000.0
223,31163.0,94000.0
224,95100.0,160000.0
225,71372.0,140000.0
227,226850.0,550000.0
228,11846.0,41000.0
229,117000.0,307000.0
230,38917.0,110000.0
231,41650.0,80000.0
232,87970.0,125000.0
233,36000.0,130000.0
234,65300.0,100000.0
236,6590.0,70067.0
237,61440.0,160000.0
238,55280.0,121000.0
239,32930.0,130000.0
240,47950.0,405000.0
241,20264.0,99792.0
242,89700.0,180000.0
243,64400.0,142000.0
244,12935.0,45000.0
245,184100.0,441367.0
246,49050.0,86000.0
247,69200.0,120000.0
249,82125.0,125000.0
250,29800.0,50000.0
251,43000.0,67000.0
252,19600.0,58000.0
253,32660.0,30744.0
254,33666.0,81000.0
255,160500.0,360000.0
256,183446.6,231776.58
257,32150.0,72000.0
258,76990.0,250000.0
259,13680.0,36480.0
260,26300.0,70000.0
261,280500.0,650000.0
262,68438.56,160232.0
263,38030.0,90000.0
264,143600.0,280000.0
265,22450.0,444000.0
266,82136.0,160000.0
267,28800.0,90000.0
268,37884.0,75000.0
269,87371.0,116921.0
270,48400.0,73000.0
271,27480.0,104000.0
272,35679.74,94681.4
273,50539.0,118279.0
274,164700.0,94000.0
275,109597.0,208000.0
276,79530.0,135000.0
277,58874.0,126555.0
278,78500.0,180000.0
279,36000.0,102000.0
280,2180.0,190000.0
281,220800.0,490000.0
282,41540.0,111500.0
283,39000.0,138000.0
284,60300.0,110000.0
285,64400.0,270000.0
286,135800.0,280000.0
287,74432.0,156000.0
288,34570.0,200000.0
290,105944.0,197605.0
291,97000.0,215000.0
292,54200.0,120000.0
293,86761.0,139600.0
294,180250.0,325000.0
295,73470.0,257000.0
296,49011.0,119803.0
297,157250.0,500000.0
298,42075.0,130000.0
300,47260.0,81000.0
302,30520.0,100000.0
304,147820.0,200000.0
305,27000.0,106000.0
306,33900.0,99000.0
307,93466.0,123206.0
308,18880.0,50000.0
309,45794.0,91917.0
310,44964.0,100000.0
311,170800.0,330000.0
312,45550.0,100000.0
313,52000.0,65000.0
314,110000.0,200000.0
315,266000.0,450000.0
316,127500.0,280000.0
317,43600.0,93000.0
318,127560.0,532000.0
319,20085.0,89000.0
320,140042.0,252000.0
321,38930.0,68000.0
322,67600.0,139000.0
323,91100.0,130000.0
324,167000.0,185000.0
325,33000.0,102000.0
326,25300.0,134000.0
327,89405.0,194000.0
328,24000.0,235000.0
329,21500.0,55000.0
330,49440.0,163000.0
331,30400.0,196000.0
332,20000.0,22000.0
333,79614.0,117000.0
334,73400.0,120000.0
336,67900.0,112000.0
337,18300.0,120000.0
338,110000.0,260000.0
339,153000.0,250000.0
340,57000.0,200000.0
341,46400.0,97000.0
342,54866.0,105826.0
343,23000.0,450000.0
344,72025.16,87000.0
345,72000.0,104000.0
346,50000.0,80000.0
347,43850.0,89000.0
348,22200.0,280000.0
349,40400.0,77000.0
350,104820.0,160000.0
351,111200.0,155000.0
352,30500.0,120000.0
353,134000.0,200000.0
354,114500.0,250000.0
355,564200.0,650000.0
357,18400.0,140000.0
358,5830.0,150000.0
359,111001.0,185000.0
360,47750.0,110000.0
361,62200.0,98000.0
362,103700.0,175000.0
363,3090.0,45500.0
364,97425.0,240000.0
365,33000.0,190000.0
366,98566.0,135000.0
367,187350.0,275000.0
368,79700.0,199000.0
369,56340.0,117000.0
370,35350.0,130000.0
371,105000.0,375000.0
372,94400.0,145000.0
373,69000.0,650000.0
374,6800.0,55000.0
375,168420.0,307000.0
376,290200.0,525000.0
377,33000.0,85000.0
378,80604.0,55000.0
381,17000.0,105000.0
382,104000.0,229000.0
383,32000.0,130000.0
384,43900.0,75000.0
385,120700.0,170000.0
386,40650.0,55000.0
387,124250.0,322000.0
388,28117.0,45700.0
389,61660.0,145000.0
390,46900.0,67780.0
391,4900.0,195000.0
392,83900.0,140000.0
393,36300.0,110000.0
395,94844.0,194013.0
396,115630.0,350000.0
397,60000.0,160000.0
398,91900.0002,160000.0
399,92075.0,204000.0
400,59000.0,140000.0
401,91531.18,198516.0
402,88400.0,212000.0
403,66700.0,115000.0
406,39750.0,50000.0
407,72000.0,130000.0
408,13780.0,53000.0
409,21000.0,230000.0
410,57000.0,220000.0
411,14900.0,75000.0
412,142100.0,195000.0
413,36000.0,105000.0
414,102000.0,165000.0
416,150000.0,260000.0
417,58950.0,198000.0
418,60215.0,88823.0
419,56400.0,130000.0
420,18600.0,90000.0
421,72528.0,130000.0
422,44210.0,85000.0
423,38560.0,76000.0
424,186600.0,350000.0
425,158550.0,298000.0
426,8900.0,150000.0
427,48100.0,110000.0
428,40220.0,167000.0
429,174200.0,294000.0
430,23000.0,37000.0
431,30000.0,115000.0
432,38301.0,150000.0
433,30540.0,50000.0
434,520100.0,875000.0
435,141200.0,290000.0
436,124995.0,225000.0
437,102869.0,215082.0
438,85560.0,185000.0
439,55000.0,80000.0
440,53200.0,112000.0
441,13860.0,68000.0
442,86850.0,139930.0
443,115512.0,166192.0
444,40100.0,60000.0
445,53800.0,115000.0
446,80650.0,140000.0
448,65500.0,120000.0
449,296000.0,400000.0
450,33000.0,110000.0
451,53040.0,201000.0
452,50800.0,51000.0
453,22300.0,76400.0
454,68000.0,100000.0
455,9600.0,24000.0
456,24000.0,300000.0
457,60950.0,195000.0
458,17400.0,171500.0
459,60204.0,198000.0
460,117100.0,260000.0
461,70900.0,245000.0
462,62000.0,187500.0
463,52700.0,175000.0
464,127800.0,205000.0
466,33201.0,95000.0
467,129776.0,183557.0
468,95600.0,250000.0
469,19700.0,92000.0
470,69000.0,165000.0
471,62505.0,180000.0
472,55000.0,90000.0
473,59800.0,180000.0
474,77900.0,120000.0
475,69700.0,400000.0
477,78000.0,350000.0
478,12300.0,90000.0
479,144800.0,350000.0
480,59650.0,102500.0
481,56238.0,97054.0
482,53396.0,101000.0
483,85400.0,135000.0
484,83443.0,89911.0
485,29100.0,65000.0
487,36850.0,65000.0
488,17539.0,29169.0
489,108000.0,240000.0
490,111600.0,170000.0
491,35350.0,78000.0
492,63405.270000000004,96585.49
493,50000.0,98000.0
494,97490.0,220000.0
495,5000.0,400000.0
496,91000.0,330000.0
497,127800.0,205000.0
498,112200.0,200000.0
499,97950.0,110000.0
500,219000.0,400000.0
501,82238.48000000001,128501.15
502,21266.0,60000.0
503,269500.0,345000.0
504,65900.0,130000.0
506,42860.0,91000.0
507,28000.0,63000.0
508,62859.0,78519.0
509,16000.0,200000.0
510,155055.0,322500.0
511,13420.0,92380.0
512,79800.0,240000.0
513,34000.0,260000.0
514,205400.0,350000.0
515,84300.0,127000.0
516,235900.0,250000.0
517,32300.0,130000.0
518,34700.0,75000.0
519,104260.0,150000.0
520,36450.0,120000.0
521,1875.0,101000.0
522,74428.0,115319.0
523,13500.0,65000.0
524,29400.0,220000.0
525,63900.0,220000.0
526,192000.0,320000.0
527,55841.0,65032.0
528,15940.0,125000.0
529,222270.0,412000.0
530,135000.0,205000.0
531,129150.0,237000.0
533,95185.0,215000.0
534,47740.0,108300.0
535,65800.0,240000.0
536,95800.0,230000.0
538,86400.0,376000.0
539,66602.0,114000.0
540,186600.0,350000.0
541,92760.0,225000.0
542,39924.430000002,80000.0
543,1125.0,90000.0
544,38240.0,49500.0
546,20688.0,80000.0
547,61750.0,115000.0
548,149100.0,260000.0
549,49150.0,105000.0
550,27560.0,48000.0
552,94000.0,300000.0
553,2763.0,282000.0
554,56030.0,190000.0
555,29000.0,100000.0
556,42060.0,75000.0
557,107000.0,170000.0
558,72500.0,190000.0
559,43500.0,120000.0
560,68250.0,110000.0
561,48429.0,110000.0
562,79300.0,160000.0
563,10830.0,48000.0
564,47600.0,105000.0
565,96400.0,180000.0
566,292500.0,550000.0
567,39370.0,79523.64
568,216500.0,320000.0
569,117005.0,350000.0
570,100300.0,250000.0
571,163000.0,250000.0
572,31700.0,120000.0
573,54100.0,84000.0
574,87200.0,190000.0
575,32284.0,70250.0
576,36050.0,86000.0
577,1202818.0,108400.0
578,28117.0,45700.0
579,53792.0,105000.0
580,119000.0,240000.0
581,112300.0,167000.0
582,16300.0,55000.0
583,199000.0,400000.0
584,86800.0,200000.0
585,2700.0,85000.0
586,26100.0,106000.0
587,19920.0,70000.0
588,33700.0,90000.0
589,13635.0,58000.0
590,45278.0,96071.0
591,99000.0,187000.0
592,165100.0,380000.0
593,95530.0,155000.0
594,38100.0,57000.0
596,16810.0,105000.0
597,44460.0,81500.0
598,150700.0,310000.0
599,84500.0,130000.0
600,135500.0,269000.0
601,93000.0,750000.0
602,68188.61,142012.42
603,109000.0,175000.0
604,45700.0,91000.0
605,66500.0,225000.0
606,9596.0,38000.0
607,40992.0,41711.0
608,282600.0,550000.0
609,57951.0,100000.0
610,62100.0,89000.0
611,37833.380000000005,70685.0
612,42400.0,121000.0
613,24198.0,78000.0
614,86000.0,160000.0
615,25000.0,50000.0
616,70900.0,156000.0
617,147944.0,212500.0
619,19800.0,115000.0
620,65500.0,97500.0
621,66380.0,112000.0
622,108200.0,193000.0
623,139500.0,265000.0
624,62300.0,75000.0
625,72550.0,155000.0
626,43300.0,103000.0
628,44500.0,100000.0
630,6623.0,67000.0
631,64401.0,37000.0
632,110000.0,190000.0
633,75000.0,335000.0
634,244145.0,400000.0
635,23995.0,90000.0
636,83000.0,115000.0
637,61200.0,130000.0
638,101000.0,145000.0
639,249000.0,400000.0
640,125600.0,190000.0
641,359400.0,750000.0
642,44000.0,650000.0
643,157300.0,300000.0
645,21550.0,81650.0
646,101247.0,224000.0
647,92700.0,270000.0
648,112230.0,181000.0
649,200550.0,325000.0
650,245000.0,760000.0
651,47000.0,54000.0
652,125200.0,171000.0
653,69400.0,175000.0
654,36275.0,60000.0
655,95300.0,120000.0
656,74350.0,123200.0
657,45514.34,90894.0
658,35800.0,110000.0
659,136700.0,200000.0
660,33400.0,70000.0
661,28700.0,105000.0
662,6400.0,200000.0
663,46130.0,83845.0
664,98100.0,260000.0
665,53400.0,68127.0
667,103000.0,107000.0
668,31895.0,58417.0
670,61600.0,142000.0
672,1100.0,27500.0
674,88600.0,200000.0
675,143950.0,226000.0
676,91770.0,87557.0
677,29100.0,55000.0
678,271953.0,700000.0
679,55000.0,120000.0
680,55000.0,120000.0
681,43000.0,101000.0
682,62200.0,100000.0
683,88500.0,180000.0
684,198000.0,310000.0
685,27400.0,58000.0
686,20380.0,32000.0
687,46699.0,74000.0
688,55502.0,120000.0
689,57450.0,200000.0
690,40200.0,50000.0
691,168000.0,265000.0
692,392100.0,235000.0
693,78056.0,115212.0
696,39000.0,51450.0
697,174752.0,371000.0
698,34500.0,56000.0
699,148000.0,450000.0
700,36000.0,66000.0
701,66800.0,240000.0
702,91305.0,180000.0
703,47500.0,97000.0
704,35020.0,125000.0
705,11310.0,51428.57
706,133880.0,237500.0
707,185000.0,417000.0
709,64750.0,156000.0
710,26470.0,28000.0
711,188400.0,70000.0
713,70000.0,130000.0
714,240545.0,518424.0
715,27500.0,250000.0
716,60600.0,170000.0
717,158000.0,250000.0
718,41000.0,86000.0
719,13400.0,27000.0
720,54000.0,157000.0
721,30500.0,49000.0
723,72700.0,148000.0
724,90000.0,200000.0
725,18750.0,65000.0
726,35000.0,80000.0
727,88250.0,130000.0
729,62500.0,125000.0
730,281500.0,310000.0
731,219200.0,340000.0
732,1200.0,50000.0
733,118900.0,180000.0
734,35890.0,82500.0
735,57400.0,90000.0
736,297260.0,550000.0
737,15925.0,120000.0
738,92001.0,140000.0
739,10800.0,61000.0
740,41500.0,125000.0
741,47350.0,85000.0
742,45183.0,100321.0
743,91900.0,250000.0
744,106300.0,160000.0
746,16232.0,128000.0
747,55040.0,115000.0
748,208300.0,300000.0
749,121479.0,297495.0
750,291500.0,580000.0
751,30000.0,205000.0
752,188600.0,385000.0
754,109784.0,196000.0
755,83850.0,120000.0
757,81586.0,100123.0
758,93000.0,185000.0
759,95500.0,155000.0
760,499000.0,900000.0
761,142700.0,280000.0
762,46200.0,66000.0
763,20250.0,20000.0
764,56580.0,109000.0
765,45850.0,80000.0
766,40450.0,95000.0
767,182800.0,300000.0
770,71500.0,82000.0
771,63700.0,120000.0
773,85300.0,160000.0
774,4537.0,140000.0
775,72000.0,150000.0
778,79240.0,188850.0
779,6700.0,26000.0
780,92640.0,131500.0
781,785.0,78000.0
782,32680.0,55000.0
783,181800.0,340000.0
784,85600.0,180000.0
785,31952.0,151500.0
786,61360.0,120000.0
787,6350.0,60083.0
789,119960.0,250000.0
791,42460.0,85000.0
792,109000.0,190000.0
793,195700.0,490000.0
794,65500.0,160000.0
795,56717.0,53940.0
796,3500.0,205000.0
797,58776.0,230000.0
798,93136.0,196961.0
799,30000.0,150000.0
800,581000.0,950000.0
802,100700.0,185000.0
803,110000.0,140000.0
805,77832.0,124000.0
806,551000.0,1000000.0
807,61500.0,80000.0
808,59200.0,85000.0
809,25670.0,100000.0
810,124000.0,220000.0
811,41600.0,72000.0
812,266000.0,600000.0
813,25850.0,105000.0
814,24782.0,54332.0
815,44930.0,48000.0
816,33110.0,32000.0
817,12000.0,179000.0
818,156900.0,236000.0
819,54355.0,90000.0
820,100000.0,170000.0
821,151007.0,297250.0
822,30500.0,115000.0
823,162900.0,250000.0
824,52737.0,162000.0
825,46600.0,60000.0
826,233004.0,233000.0
827,145800.0,310000.0
828,129219.0,289000.0
829,222200.0,515000.0
830,90800.0,150000.0
831,45800.0,170000.0
832,17000.0,180000.0
833,18560.0,218000.0
834,26600.0,105000.0
835,30800.0,160000.0
836,128734.9,209206.0
838,139400.0,200000.0
839,31700.0,160000.0
840,51364.0,88954.0
841,106500.0,160000.0
842,89020.0,115000.0
843,99000.0,185000.0
844,39400.0,80000.0
845,35910.0,65000.0
846,100000.0,200000.0
847,44000.0,234000.0
848,51500.0,180000.0
849,164700.0,240000.0
850,50300.0,185000.0
851,91400.0,162000.0
852,109090.0,210000.0
853,76662.0,125000.0
854,167800.0,251000.0
855,87800.0,170000.0
856,81900.0,115759.0
857,48710.0,91000.0
858,17000.0,50000.0
860,120501.0,170500.0
861,124500.0,275000.0
862,35900.0,85000.0
863,100000.0,200000.0
864,50000.0,161000.0
865,56686.0,125000.0
866,220000.0,350000.0
867,123400.0,165000.0
868,95900.0,300000.0
869,129291.0,192000.0
870,62082.31,180000.0
871,107015.0,99000.0
872,39465.0,119200.0
874,56686.0,125000.0
875,36000.0,80000.0
876,90400.0,270000.0
877,56030.0,105000.0
878,23184.0,53000.0
879,46950.0,159000.0
880,43405.0,70000.0
881,72000.0,165000.0
882,37400.0,104000.0
883,92800.0,230000.0
884,119210.0,238191.0
885,26272.0,60000.0
886,85200.0,130000.0
887,21800.0,204000.0
888,146265.1,506000.0
889,5580.0,35000.0
890,68350.0,100000.0
891,156459.0,275000.0
893,73864.0,135422.0
894,14312.0,90000.0
895,33520.0,71000.0
896,17700.0,63000.0
897,230000.0,406000.0
898,213000.0,400000.0
899,72300.0,160000.0
900,60000.0,350000.0
901,64560.0,111000.0
902,82500.0,145000.0
903,19543.0,138925.0
904,41450.0,160000.0
905,98200.0,160000.0
906,43150.0,77000.0
907,64000.0,124000.0
908,23302.0,35000.0
909,90414.0,223000.0
910,161800.0,250000.0
911,25453.0,120000.0
912,96500.0,139000.0
913,29950.0,120000.0
914,32000.0,225000.0
915,1550.0,76000.0
917,26234.0,82500.0
918,43360.0,66000.0
919,151100.0,310000.0
920,9900.0,93000.0
921,52155.75,74510.0
922,94200.0,175000.0
923,43300.0,78370.0
924,68100.0,250000.0
925,28117.0,45700.0
927,25300.0,140000.0
928,5896.5,191000.0
929,95500.0,150000.0
930,27400.0,220000.0
931,74400.0,410000.0
932,126600.0,345000.0
933,60878.369999999995,100000.0
934,51500.0,350000.0
935,110800.0,171000.0
936,40438.61,39517.0
937,68000.0,140000.0
938,6303.0,245000.0
939,142000.0,260000.0
940,56150.0,90000.0
941,43240.0,90000.0
942,83000.0,280000.0
943,155500.0,260000.0
945,49104.0,70000.0
946,97100.0,280000.0
947,20000.0,400000.0
948,21000.0,160000.0
949,81000.0,205000.0
950,77550.0,115000.0
951,362900.0,720000.0
952,98289.0,193680.0
953,227450.0,456050.0
954,140663.0,179700.0
955,25000.0,115000.0
956,36035.0,62500.0
957,59675.0,180000.0
958,51400.0,84000.0
959,88201.0,173600.0
960,321300.0,495000.0
961,45859.0,117000.0
962,47400.0,100000.0
963,332351.0,480000.0
965,164760.0,322000.0
966,45500.0,85000.0
967,72154.0,117846.0
968,129500.0,300000.0
969,85000.0,175000.0
971,181600.0,220000.0
972,100200.0,140000.0
973,67590.0,122000.0
974,55500.0,180000.0
975,61490.0,127000.0
976,90200.0,150000.0
977,67452.0,80496.0
978,2165.0,150000.0
979,163082.0,280000.0
980,43897.0,91000.0
981,23500.0,100000.0
982,118180.0,231000.0
983,62668.0,110700.13
984,171727.0,235905.76
985,57958.0,102000.0
986,295200.0,410000.0
987,62533.0,101681.0
988,119102.0,182910.0
989,2733.0,102500.0
990,81000.0,124000.0
991,69910.0,150000.0
992,36600.0,80000.0
993,102650.0,265000.0
995,67945.0,158000.0
996,34278.0,53623.0
997,66940.0,102600.0
998,74000.0,100000.0
999,91920.0,190000.0
1000,44200.0,129800.0
1001,62700.0,140000.0
1002,221500.0,375000.0
1003,108825.0,205500.0
1004,9400.0,26000.0
1005,60000.0,128000.0
1006,95700.0,138000.0
1007,140074.59,284177.54
1008,49401.0,135000.0
1009,88750.0,155000.0
1010,38050.0,82000.0
1011,19996.0,76000.0
1012,102000.0,195000.0
1013,196500.0,524965.0
1014,87350.0,235000.0
1015,115500.0,220000.0
1016,265005.0,450000.0
1017,31707.0,66850.0
1018,61884.0,133663.0
1019,84900.0,172200.0
1021,51450.0,400000.0
1022,18630.839999999997,145000.0
1023,253000.0,375000.0
1024,262000.0,400000.0
1025,2620.0,120000.0
1026,84830.0,150000.0
1027,37750.0,71000.0
1028,164500.0,350000.0
1029,31800.0,145000.0
1030,133104.0,200000.0
1031,132033.0,282000.0
1032,91089.0,275000.0
1033,80480.0,161000.0
1034,74500.0,160000.0
1035,127200.0,224000.0
1036,64200.0,160000.0
1038,51500.0,180000.0
1039,25836.0,62000.0
1040,40630.0,81000.0
1041,25500.0,269000.0
1042,562000.0,900000.0
1043,98600.0,174000.0
1044,24600.0,75000.0
1045,37100.0,90000.0
1046,47300.0,85000.0
1047,21125.0,130000.0
1048,84640.0,185000.0
1049,57970.0,135000.0
1050,118000.0,250000.0
1051,168600.0,330000.0
1052,108480.0,220000.0
1053,88600.0,160000.0
1054,168600.0,330000.0
1055,18200.0,45000.0
1056,56729.0,127598.0
1057,90168.0,142000.0
1059,103761.74,226455.37
1060,27117.0,62500.0
1061,67000.0,500000.0
1062,455500.0,700000.0
1063,61800.0,53500.0
1064,36000.0,147000.0
1065,44632.0,79341.0
1066,68002.0,110000.0
1067,27350.0,250000.0
1068,45150.0,153000.0
1069,73615.0,132670.0
1070,80500.0,122000.0
1071,132902.0,191000.0
1072,122813.0,229130.0
1073,20200.0,37000.0
1074,142750.0,330000.0
1075,13870.0,62000.0
1076,64410.0,72000.0
1077,172200.0,300000.0
1078,80100.0,140000.0
1079,48900.0,103000.0
1080,50998.0,103000.0
1081,132033.0,282000.0
1082,18000.0,120000.0
1083,108725.0,200000.0
1084,1400.0,128000.0
1085,52200.0,105000.0
1086,93200.0,185000.0
1087,66000.0,150000.0
1088,39700.0,165000.0
1089,49200.0,100000.0
1090,38967.0,85637.0
1091,44800.0,265000.0
1093,33000.0,170000.0
1094,76086.0,123481.0
1095,89604.0,128000.0
1096,131430.0,185000.0
1097,111100.0,202000.0
1098,190000.0,340000.0
1099,267200.0,470000.0
1100,111030.01999999999,250000.0
1101,39900.0,78000.0
1102,183800.0,400000.0
1103,97000.0,130000.0
1104,76936.0,154330.0
1105,145787.0,303650.0
1106,36144.0,61000.0
1107,29300.0,95000.0
1108,50600.0,115000.0
1109,56274.0,108576.0
1110,17700.0,34500.0
1111,39000.0,64000.0
1112,50371.0,110000.0
1113,60381.0,184000.0
1114,25600.0,80000.0
1115,108210.0,155000.0
1116,26200.0,118000.0
1117,74000.0,99500.0
1118,197000.0,400000.0
1119,32650.0,71568.0
1120,198400.0,290000.0
1121,53830.0,140000.0
1122,115708.0,185411.0
1123,17500.0,85000.0
1124,42500.0,102000.0
1125,224600.0,370000.0
1126,50484.0,212000.0
1127,16440.0,133000.0
1128,7000.0,75000.0
1129,60000.0,120000.0
1130,140000.0,296000.0
1131,111000.0,164000.0
1132,50175.0,98400.0
1133,81684.0,156000.0
1134,40000.0,200000.0
1135,4000.0,92000.0
1136,45250.0,95000.0
1137,57912.0,105000.0
1138,71100.0,110000.0
1139,31784.0,72847.0
1140,67200.0,110000.0
1141,294700.0,690000.0
1142,98528.0,150000.0
1143,50000.0,97000.0
1144,36100.0,110000.0
1145,100130.10999999999,148820.0
1146,85428.0,115000.0
1147,92900.0,215000.0
1148,265500.0,550000.0
1149,75500.0,250000.0
1150,247300.0,350000.0
1151,55675.0,131500.0
1152,107000.0,218000.0
1153,349500.0,500000.0
1154,49800.0,174000.0
1155,97500.0,310000.0
1156,46669.58,118000.0
1157,34320.0,77000.0
1158,67350.0,175000.0
1159,69111.0,96450.0
1160,42450.0,173000.0
1161,27750.0,80000.0
1162,87745.0,180000.0
1163,94200.0,140000.0
1164,40400.0,70000.0
1165,137000.0,300000.0
1166,50440.0,97000.0
1167,80800.0,140000.0
1170,82960.0,230000.0
1171,39540.0,86000.0
1173,105800.0,210000.0
1174,66100.0,106000.0
1175,132500.0,278000.0
1176,102900.0,230000.0
1177,65100.0,180000.0
1178,21400.0,80000.0
1179,71760.0,140000.0
1180,84000.0,94000.0
1181,81500.0,108000.0
1182,38713.0,71000.0
1183,68500.0,112000.0
1184,126219.0,235000.0
1185,31070.0,45000.0
1187,185000.0,350000.0
1188,87700.0,180000.0
1189,68920.0,191000.0
1190,15500.0,45000.0
1191,196503.0,280000.0
1192,19900.0,55800.0
1193,51400.0,77685.0
1194,98000.0,120000.0
1195,117500.0,230000.0
1196,122302.0,220000.0
1197,31450.0,64500.0
1198,50000.0,110000.0
1199,111177.0,140000.0
1200,28200.0,55000.0
1201,30600.0,118000.0
1202,61550.0,110000.0
1204,28500.0,101000.0
1205,86850.0,152500.0
1206,58300.0,87500.0
1207,51846.0,72363.0
1208,252095.0,525000.0
1209,25089.0,55000.0
1210,46500.05,130000.0
1211,45869.2,122500.0
1212,1592.0,83570.0
1213,91500.0,140000.0
1214,57100.0,102000.0
1215,31460.0,119000.0
1216,2300.0,160000.0
1217,16550.0,120000.0
1218,103439.0,205000.0
1219,83656.0,170000.0
1220,114450.0,232139.0
1221,29100.0,60000.0
1222,73829.0,170000.0
1223,42000.0,140000.0
1224,13200.0,134000.0
1225,24800.0,173570.0
1226,59786.0,189000.0
1228,107810.0,172400.0
1230,59200.0,100000.0
1231,2100.0,40000.0
1232,255000.0,571000.0
1233,62837.0,120000.0
1234,38000.0,53000.0
1235,41253.0,133180.0
1236,35550.0,50000.0
1237,51021.0,125557.0
1238,54900.0,79000.0
1239,57074.0,135000.0
1241,78000.0,230000.0
1242,38000.0,70000.0
1243,436100.0,500000.0
1244,891468.0,924000.0
1245,43200.0,550000.0
1246,28600.0,170000.0
1247,63600.0,300000.0
1248,9280.0,375000.0
1249,49320.0,70865.0
1250,27320.2,80000.0
1251,26000.0,350000.0
1252,85668.0,147469.0
1253,32000.0,183000.0
1254,35755.0,161337.0
1255,38700.0,350000.0
1256,53000.0,400000.0
1257,64640.0,90038.0
1258,191200.0,350000.0
1259,49500.0,60000.0
1260,66500.0,170000.0
1261,21000.0,289000.0
1262,126219.0,235000.0
1263,38700.0,70000.0
1264,45500.0,72000.0
1265,51400.0,75000.0
1266,13300.0,60000.0
1267,39000.0,55000.0
1268,59500.0,100000.0
1269,117900.0,215000.0
1270,50000.0,192000.0
1271,106440.0,155000.0
1273,21950.0,32660.0
1276,72000.0,160000.0
1277,167500.0,205000.0
1278,99475.0,179000.0
1279,57000.0,425000.0
1280,280000.0,440000.0
1281,68222.0,135000.0
1282,74700.0,128532.0
1283,43620.0,79000.0
1284,99409.0,148961.0
1285,78300.0,167000.0
1286,38900.0,160000.0
1287,26700.0,330000.0
1288,77823.0,160000.0
1289,95113.0,260172.0
1290,25540.0,36000.0
1291,52206.0,122244.0
1292,47000.0,70000.0
1293,49900.0,200000.0
1294,47500.0,138000.0
1295,18500.0,100000.0
1296,51500.0,78000.0
1297,56000.0,110000.0
1298,41201.0,90000.0
1299,17918.0,200000.0
1300,75500.0,160000.0
1301,43571.92,81405.63
1302,2700.0,192000.0
1303,29000.0,205000.0
1304,95897.0,106602.0
1306,28690.0,81000.0
1307,37945.0,220000.0
1308,81000.0,213000.0
1309,81000.0,230000.0
1310,163000.0,150000.0
1311,206800.0,400000.0
1312,169300.0,275000.0
1313,56612.0,135000.0
1314,42000.0,77000.0
1315,106400.0,200000.0
1316,178100.0,245000.0
1317,5250.0,30000.0
1318,55700.0,112000.0
1319,350000.0,600000.0
1320,87000.0,250000.0
1321,237000.0,425000.0
1322,24052.0,65000.0
1324,53812.0,96271.0
1325,21800.0,175000.0
1326,35416.0,80000.0
1328,188920.0,268000.0
1329,37700.0,190000.0
1330,116300.0,175000.0
1331,12757.0,196000.0
1332,20499.0,83000.0
1333,212400.0,252845.0
1336,95500.0,172000.0
1337,158500.0,175000.0
1338,68700.0,60000.0
1339,65000.0,115000.0
1340,99000.0,160000.0
1341,136200.0,250000.0
1342,41000.0,115000.0
1343,36940.0,83000.0
1344,88600.0,150000.0
1345,66850.0,180000.0
1346,41300.0,180000.0
1347,31300.0,270000.0
1348,207000.0,200000.0
1349,70300.0,110000.0
1350,337000.0,550000.0
1352,3150.0,130000.0
1353,98600.0,175000.0
1354,237900.0,280000.0
1355,200800.0,300000.0
1356,383795.0,920000.0
1357,69800.0,120000.0
1358,137800.0,240000.0
1359,62363.0,114267.0
1361,26475.0,316000.0
1362,339000.0,600000.0
1363,96500.0,123000.0
1364,120500.0,220000.0
1365,59000.0,137000.0
1366,44200.0,115000.0
1367,34000.0,190000.0
1369,34200.0,46500.0
1370,28000.0,51000.0
1371,19400.0,40000.0
1372,72000.0,115000.0
1373,262000.0,530000.0
1374,120950.0,272000.0
1375,96000.0,180000.0
1376,196500.0,420000.0
1377,39700.0,53000.0
1378,64100.0,150000.0
1379,48200.0,100000.0
1380,69694.0,132834.0
1381,125000.0,445000.0
1382,39600.0,147000.0
1383,40624.0,63829.0
1384,41400.0,170000.0
1385,156458.0,288000.0
1386,75909.0,90000.0
1387,170000.0,450000.0
1388,3830.0,244000.0
1389,125664.0,250000.0
1390,161900.0,338000.0
1391,38900.0,130000.0
1392,303600.0,500000.0
1393,59500.0,160000.0
1394,112920.0,260000.0
1395,6100.0,75000.0
1396,180000.0,285000.0
1397,76400.0,160000.0
1398,85000.0,100000.0
1399,32900.0,80000.0
1400,118800.0,201900.0
1401,78820.48999999999,123062.0
1402,202650.0,250000.0
1403,159600.0,350000.0
1404,20568.0,75010.0
1405,231000.0,350000.0
1406,63788.0,133000.0
1407,410000.0,610000.0
1408,135500.0,325000.0
1409,152000.0,362000.0
1411,44400.0,310000.0
1412,63000.0,110000.0
1413,101000.0,150000.0
1414,34000.0,88308.0
1415,11400.0,130000.0
1417,29400.0,200000.0
1418,119500.0,191000.0
1419,39800.0,58000.0
1420,81597.0,167176.0
1421,52300.0,126200.0
1422,55694.0,111500.0
1423,136966.0,180000.0
1424,59500.0,92000.0
1425,92400.0,160000.0
1426,75916.0,86400.0
1427,200000.0,89000.0
1428,178663.0,270500.0
1429,13000.0,120000.0
1430,29100.0,117000.0
1431,91159.0,185000.0
1432,358500.0,610000.0
1433,52583.0,77000.0
1434,75506.0,138986.0
1435,64100.0,108000.0
1436,7050.0,140000.0
1437,24000.0,180000.0
1439,63000.0,120000.0
1440,54500.0,165000.0
1441,144000.0,300000.0
1443,341000.0,650000.0
1444,270000.0,450000.0
1445,27100.0,95000.0
1446,152796.0,215000.0
1447,221000.0,301800.0
1448,28800.0,47500.0
1449,268100.0,380000.0
1451,150800.0,268000.0
1452,56483.149999999994,90000.0
1453,40250.0,105000.0
1454,64500.0,211000.0
1455,18698.0,42658.0
1456,127000.0,200000.0
1457,74600.0,180000.0
1458,177650.0,302500.0
1459,63950.0,185000.0
1460,71762.0,180000.0
1461,88700.0,130000.0
1462,61000.0,130000.0
1463,35200.0,65000.0
1464,47005.0,130000.0
1465,36000.0,210608.0
1466,31400.0,230000.0
1467,48728.11,92498.95
1468,527000.0,310000.0
1469,85700.0,153000.0
1470,45912.0,80749.0
1471,32888.0,53600.0
1473,109700.0,375000.0
1474,45800.0,75000.0
1475,24000.0,39000.0
1476,134700.0,345000.0
1477,98600.0,180000.0
1478,85500.0,235000.0
1479,230000.0,350000.0
1480,26000.0,65000.0
1481,41900.0,89000.0
1482,177500.0,415000.0
1483,22984.0,31400.0
1484,38570.0,149479.0
1485,45200.0,90000.0
1486,10800.0,124104.72
1487,64291.0,140840.0
1488,45400.0,148000.0
1489,112400.0,210000.0
1490,1282.0,132000.0
1491,52560.0,170000.0
1492,69100.0,115000.0
1493,99000.0,225000.0
1494,17020.0,104000.0
1495,31500.0,54000.0
1496,113500.03,165000.0
1497,198100.0,305000.0
1498,40400.0,95000.0
1499,4950.0,130000.0
1501,127088.0,324179.0
1502,373567.0,680000.0
1503,108220.0,120000.0
1504,55260.0,104000.0
1505,60000.0,170000.0
1506,65600.0,130000.0
1507,153316.0,171170.0
1508,90000.0,200000.0
1509,84300.0,285000.0
1510,20280.0,60000.0
1511,1300.0,215000.0
1512,21350.0,100000.0
1513,90000.0,175000.0
1514,42500.0,74000.0
1515,72850.0,275000.0
1516,143470.0,427000.0
1517,36025.0,79893.0
1518,28980.0,145000.0
1520,69100.0,97000.0
1522,1650.0,83000.0
1523,220000.0,550000.0
1524,61860.0,112000.0
1525,48200.0,160000.0
1526,180872.0,360000.0
1527,28800.0,190000.0
1529,67000.0,420000.0
1530,209000.0,250000.0
1531,178010.0,335000.0
1532,113910.0,230000.0
1533,242714.0,225000.0
1534,8750.0,156700.0
1535,35680.0,100000.0
1536,92801.0,160000.0
1537,34200.0,95100.0
1538,16300.0,115000.0
1539,56500.0,99000.0
1540,42700.0,95000.0
1541,21600.0,88000.0
1543,62376.0,316795.0
1544,27900.0,110000.0
1545,148000.0,210000.0
1546,80500.0,120000.0
1547,78800.0,95000.0
1548,69000.0,250000.0
1550,63250.0,125000.0
1551,15540.0,120000.0
1552,53117.0,85000.0
1553,168503.0,251000.0
1555,113600.0,220000.0
1556,44000.0,90000.0
1557,147900.0,251000.0
1559,24314.0,55921.0
1560,81800.0,220000.0
1561,24950.0,90500.0
1562,66936.0,104000.0
1563,93600.0,250000.0
1564,109500.0,215000.0
1565,367400.0,850000.0
1567,38400.0,80000.0
1568,38000.0,30000.0
1569,60700.0,250000.0
1570,3350.0,230000.0
1571,96800.0,173000.0
1572,68900.0,119000.0
1573,159500.0,400000.0
1574,51000.0,105000.0
1575,25850.0,100000.0
1576,203000.0,610000.0
1578,15000.0,188000.0
1579,69700.0,109000.0
1580,1800.0,160000.0
1581,26691.0,124000.0
1582,134636.24,206523.89
1583,134636.24,206523.89
1584,185000.0,400000.0
1585,104322.0,121694.0
1586,44000.0,325000.0
1588,99800.0,260000.0
1589,17450.0,75000.0
1590,212500.0,556000.0
1591,92000.0,150000.0
1592,51980.0,140000.0
1593,60500.0,128000.0
1594,28600.0,42000.0
1595,3602.0,102000.0
1596,103140.0,280000.0
1597,110600.0,207000.0
1598,52554.0,96000.0
1599,1200.0,400000.0
1600,5400.0,29067.0
1601,73500.00001,120000.0
1602,178220.0,252360.0
1603,379927.0,550000.0
1604,52700.0,115000.0
1605,170199.0,280000.0
1606,244500.0,290000.0
1607,6350.0,90000.0
1608,27150.0,73000.0
1609,66060.0,83344.0
1610,139050.0,193740.0
1611,50744.0,75000.0
1612,30535.0,109000.0
1613,61000.0,110000.0
1614,59000.0,343000.0
1615,2090.0,57000.0
1616,125384.0,268000.0
1617,35220.0,65000.0
1618,110000.0,190000.0
1619,65111.0,150000.0
1620,41800.0,66000.0
1622,389100.0,600000.0
1623,64200.0,90000.0
1624,33720.0,140000.0
1625,106900.0,130000.0
1626,25000.0,495000.0
1627,15217.0,70724.0
1628,61800.0,112000.0
1629,54500.0,107000.0
1630,45602.0,190000.0
1631,12400.0,120000.0
1632,42800.0,73000.0
1634,33400.0,75000.0
1635,268550.0,180000.0
1636,78340.0,155000.0
1637,77800.0,110000.0
1638,42300.0,150000.0
1639,55600.0,214000.0
1640,105000.0,202000.0
1641,67000.0,145000.0
1642,59000.0,80000.0
1643,74000.0,160000.0
1644,53000.0,97000.0
1645,800.0,400000.0
1646,310000.0,560000.0
1647,10806.0,200000.0
1648,251200.0,500000.0
1649,95000.0,150000.0
1650,22100.0,43000.0
1651,45600.0,200000.0
1652,30600.0,84000.0
1653,73500.0,108500.0
1654,48400.0,70000.0
1655,35870.0,110000.0
1656,84000.0,280000.0
1657,118200.0,155000.0
1658,46707.0,55701.0
1659,36400.0,115000.0
1661,118450.0,250000.0
1662,115800.0,110000.0
1663,280000.0,500000.0
1665,71000.0,130000.0
1666,73800.0,205000.0
1667,33144.0,75000.0
1668,152811.0,300000.0
1669,165000.0,220000.0
1670,118600.0,181600.0
1672,7200.0,55000.0
1673,2720.0,85000.0
1675,87000.0,180000.0
1676,55335.0,86120.0
1677,19900.0,30000.0
1678,22343.0,225578.0
1679,17800.0,362000.0
1680,15300.0,130000.0
1681,104784.0,209575.0
1682,106000.0,245000.0
1683,134500.0,400000.0
1684,280052.0,452586.0
1685,101165.0,121000.0
1686,60000.0,260000.0
1687,135366.0,398195.0
1689,47700.0,87000.0
1690,102840.0,161000.0
1691,77100.0,155000.0
1692,184400.0,305000.0
1693,102300.0,114000.0
1694,387700.0,800000.0
1695,266000.0,500000.0
1696,105500.0,239000.0
1697,2025.0,82000.0
1698,22500.0,95000.0
1699,87595.0,406000.0
1700,122004.0,190000.0
1701,89500.0,135000.0
1702,113000.0,194000.0
1703,108965.0,189000.0
1704,59991.44,152116.64
1705,10600.0,40000.0
1706,52500.0,100000.0
1707,143950.0,300000.0
1708,21099.0,80000.0
1709,87988.0,145000.0
1710,120100.0,299000.0
1711,27600.0,115000.0
1712,128000.0,130000.0
1713,18000.0,200000.0
1714,207000.0,350000.0
1715,92000.0,160000.0
1716,3725.0,200000.0
1717,210180.0,253217.0
1718,32000.0,380000.0
1719,40800.0,119000.0
1720,88000.0,160000.0
1721,61780.0,82000.0
1722,183748.0,250000.0
1723,66700.0,95000.0
1724,55900.0,64000.0
1726,110200.0,181357.0
1727,96353.0,165077.0
1728,340000.0,540000.0
1729,96000.0,190000.0
1730,76400.0,143000.0
1731,83700.0,209000.0
1732,10000.0,295000.0
1733,93004.0,153525.0
1735,127300.0,190000.0
1736,93300.0,132000.0
1737,114600.0,253000.0
1738,10000.0,300000.0
1739,41900.0,89000.0
1740,413000.0,860000.0
1741,139270.0,249000.0
1742,90000.0,210000.0
1743,33900.0,85000.0
1744,19300.0,87000.0
1745,20300.0,200000.0
1746,6700.0,165000.0
1747,366800.0,850000.0
1748,291500.0,170000.0
1750,3600.0,82000.0
1751,30500.0,150000.0
1752,42000.0,121888.0
1753,177900.0,270000.0
1754,90300.0,240000.0
1755,162000.0,290000.0
1756,117000.0,203000.0
1757,150100.0,350000.0
1758,30500.0,135000.0
1759,87380.0,300000.0
1760,9950.0,70409.0
1761,84000.0,100000.0
1762,68590.0,179822.0
1765,28716.0,63625.0
1766,178111.0,352500.0
1767,147000.0,250000.0
1768,2000.0,160000.0
1769,76000.0,100000.0
1770,92400.0,136000.0
1772,163540.0,350000.0
1773,48858.0,83432.0
1774,35450.0,51600.0
1775,47810.0,82115.0
1776,15550.0,90000.0
1777,210200.0,360000.0
1778,39890.0,140000.0
1779,41500.0,100000.0
1780,45600.0,215000.0
1781,35400.0,75000.0
1782,34700.0,85000.0
1783,47356.0,69000.0
1784,97315.0,181000.0
1785,79620.0,187000.0
1786,81500.0,480000.0
1787,37045.0,620000.0
1788,70850.0,135000.0
1789,1150.0,20000.0
1790,141200.0,275000.0
1791,24000.0,100000.0
1792,43180.0,71000.0
1793,60280.0,130000.0
1794,22500.0,220000.0
1795,124700.0,177000.0
1796,356000.0,700000.0
1797,32800.0,150000.0
1798,100700.0,305000.0
1799,100700.0,305000.0
1800,176000.0,260000.0
1801,10750.0,30000.0
1802,45907.96,91000.0
1803,42000.0,135000.0
1804,281087.0,440000.0
1805,66000.0,100000.0
1806,68800.0,275000.0
1807,116000.0,300000.0
1808,289000.0,350000.0
1809,91300.0,240000.0
1810,191000.0,420000.0
1811,58700.0,120000.0
1812,73400.0,370000.0
1813,32000.0,120000.0
1814,100000.0,260000.0
1815,83234.0,147893.0
1816,57800.0,310000.0
1817,55000.0,200000.0
1818,49000.0,135000.0
1819,33500.0,160000.0
1820,50190.0,130000.0
1822,104837.0,284500.0
1823,35300.0,62000.0
1824,70400.0,131000.0
1827,129000.0,180000.0
1828,33000.0,100000.0
1829,42000.0,130000.0
1830,224000.0,500000.0
1831,18300.0,68000.0
1832,43200.0,110000.0
1833,38436.0,145000.0
1835,91300.0,230000.0
1836,23200.0,120000.0
1837,47912.0,100342.0
1838,52360.0,126000.0
1840,6689.0,39775.0
1841,44941.0,95000.0
1842,24162.78,106567.0
1843,46200.0,80000.0
1844,118000.0,225000.0
1845,11500.0,136000.0
1846,72000.0,200000.0
1847,103100.0,210000.0
1848,70000.0,110000.0
1849,48000.0,175000.0
1850,111500.0,202000.0
1851,56500.0,120000.0
1852,25200.0,56000.0
1853,90500.0,150000.0
1854,22550.0,90000.0
1855,79900.0,160000.0
1856,68800.0,108000.0
1857,115455.0,295276.0
1858,139500.0,350000.0
1859,122600.0,330000.0
1860,97500.0,180000.0
1861,157000.0,500000.0
1862,68025.0,142684.0
1863,204800.0,260000.0
1864,39596.0,36000.0
1865,26900.0,62800.0
1866,119039.0,211000.0
1867,76600.0,125000.0
1868,223000.0,350000.0
1869,50500.0,80000.0
1870,11126.0,52500.0
1871,55949.0,244308.0
1872,163800.0,420000.0
1873,47944.0,90000.0
1874,29630.0,60000.0
1875,396600.0,970000.0
1876,99296.0,226419.0
1877,41804.0,96000.0
1878,64813.0,230000.0
1879,37400.0,103000.0
1880,285595.0,608502.0
1881,106368.0,166444.0
1882,48105.0,93000.0
1883,48450.0,123000.0
1884,339000.0,775000.0
1885,20670.0,145000.0
1886,53693.0,77200.0
1887,35000.0,160000.0
1888,61100.0,180000.0
1889,188400.0,330000.0
1890,28000.0,69000.0
1891,59650.0,102500.0
1892,47300.0,80000.0
1893,65367.0,120000.0
1894,144167.0,185000.0
1895,29900.0,55000.0
1896,38100.0,105000.0
1897,182400.0,250000.0
1898,74000.0,125000.0
1899,48050.0,142000.0
1901,48150.0,112000.0
1902,37990.0,103620.0
1903,19850.0,40000.0
1904,25000.0,150000.0
1905,89100.0,150000.0
1906,49200.0,80000.0
1907,55860.0,133000.0
1908,85042.0,185000.0
1909,135800.0,204265.0
1910,169815.0,484000.0
1911,17039.0,20600.0
1912,8602.0,118000.0
1913,106500.0,210000.0
1914,55400.0,134000.0
1915,50855.0,160000.0
1916,63000.0,102000.0
1917,70100.0,130000.0
1918,102600.0,225000.0
1919,146000.0,200000.0
1920,37891.0,78000.0
1921,14600.0,74400.0
1922,123570.88,226000.0
1923,23086.0,87000.0
1924,128175.0,196000.0
1925,27000.0,35000.0
1926,16770.0,85000.0
1927,128100.0,160000.0
1928,114688.0,310000.0
1929,41027.96,67698.3
1930,52965.0,135000.0
1932,110850.0,110000.0
1935,126380.0,185000.0
1936,125720.0,212400.0
1937,94600.0,304000.0
1938,20600.0,65000.0
1939,39900.0,90000.0
1942,76500.0,150000.0
1944,90800.0,139000.0
1945,37246.0,97760.0
1946,23400.0,27300.0
1947,32840.0,92000.0
1948,74800.0,200000.0
1949,49455.0,83000.0
1950,85500.0,200000.0
1951,82400.0,118000.0
1952,121000.0,225000.0
1953,100600.0,260000.0
1954,99130.0,154525.0
1955,134236.0,242000.0
1957,114700.0,114700.0
1958,63650.0,140000.0
1959,64925.0,105792.0
1960,18092.0,39000.0
1961,118348.0,133132.0
1962,54200.0,150000.0
1963,58200.0,98950.0
1964,22400.0,105000.0
1965,27400.0,85000.0
1966,3025.0,129000.0
1967,25141.0,115000.0
1968,90060.0,300000.0
1969,129755.0,235604.0
1970,89000.0,185000.0
1971,44512.46,70283.0
1972,24360.0,55000.0
1973,155501.0,280000.0
1974,52600.0,89000.0
1975,1850.0,45000.0
1976,107600.0,125000.0
1977,138250.0,235000.0
1978,172646.0,421512.0
1979,37852.0,76000.0
1980,18846.0,61500.0
1981,63000.0,135000.0
1982,54587.0,100000.0
1983,72900.0,115000.0
1984,151500.0,285000.0
1985,6350.0,38000.0
1986,291500.0,550000.0
1987,25200.0,52000.0
1988,107000.0,125000.0
1989,209650.0,385000.0
1990,28800.0,84000.0
1992,47642.0,97000.0
1993,30300.0,63000.0
1994,34430.0,75000.0
1995,65900.0,280000.0
1996,1200.0,26000.0
1998,6500.0,105000.0
1999,46249.0,180000.0
2000,57250.0,130000.0
2001,70000.0,117000.0
2002,137820.0,304000.0
2005,117000.0,266000.0
2006,61500.0,180000.0
2007,74000.0,120000.0
2010,66000.0,110000.0
2011,38637.0,76134.0
2012,50800.0,71500.0
2014,20400.0,110000.0
2015,115232.0,225000.0
2016,3350.0,130000.0
2017,88500.0,185000.0
2018,43517.0,98000.0
2019,43700.0,105000.0
2020,27500.0,140000.0
2021,298400.0,508000.0
2022,26200.0,137000.0
2023,88000.0,110000.0
2024,70351.0,138000.0
2025,182568.0,462995.0
2027,20780.0,58000.0
2028,100600.0,130000.0
2029,21120.0,36000.0
2030,40000.0,173000.0
2031,20970.0,40800.0
2032,27600.0,105000.0
2033,240600.0,420000.0
2034,27600.0,45000.0
2035,55897.0,120000.0
2036,31189.0,48200.0
2037,82900.0,137500.0
2038,18588.0,111325.83
2039,17000.0,66000.0
2041,24200.0,80000.0
2042,16100.0,75000.0
2043,78400.0,110000.0
2044,175000.0,280000.0
2045,78621.0,180000.0
2046,88700.0,280000.0
