,Total Asset Value,Total Debt,Annual Expenses,Annual Income
4,695000.0,220000.0,140000.0,180000.0
6,921000.0,3500.0,256000.0,256000.0
10,702000.0,200000.0,410000.0,410000.0
11,978400.0,295000.0,105000.0,230000.0
12,6587632.0,1357.0,252000.0,405000.0
17,2290000.0,600000.0,140000.0,415000.0
19,1092260.0,352885.0,155925.0,169698.0
21,1690000.0,801000.0,97000.0,151780.0
26,3020000.0,75000.0,94000.0,193000.0
27,1141914.0,205170.0,173879.0,178126.0
28,3630000.0,10000.0,80000.0,243000.0
30,1985000.0,278000.0,138616.0,138616.0
37,2360000.0,344000.0,70000.0,147000.0
39,1780000.0,635000.0,288800.0,288000.0
43,2551000.0,441400.0,217050.0,217050.0
45,1040000.0,185000.0,135000.0,135000.0
49,1715000.0,65000.0,260000.0,260000.0
53,1165000.0,212000.0,250000.0,250000.0
54,1165000.0,395000.0,194000.0,250000.0
55,99000.0,27000.0,36000.0,88000.0
57,2261000.0,1322000.0,310000.0,662600.0
58,1277000.0,428900.0,175237.0,175237.0
61,444800.0,395000.0,200000.0,200000.0
62,1231400.0,643000.0,330000.0,330000.0
67,2591000.0,595000.0,20800.0,35000.0
72,1058000.0,230000.0,241500.0,241500.0
76,1310500.0,297000.0,300532.0,300000.0
86,1225851.0,4123.0,390398.0,390398.0
91,1080000.0,424000.0,180200.0,400000.0
93,2246612.0,198500.0,324370.0,361909.0
96,3344103.0,98661.0,298518.0,488101.0
98,1300000.0,375000.0,126000.0,262000.0
99,1023000.0,200000.0,159650.0,193000.0
100,340200.0,90600.0,55000.0,57750.0
102,3300000.0,700000.0,299500.0,300000.0
103,1241000.0,368000.0,199724.0,212500.0
105,1845500.0,548500.0,438700.0,438700.0
107,3020000.0,147000.0,65000.0,293000.0
108,114387.0,685.0,56584.0,57675.0
110,1313200.0,63300.0,97000.0,97000.0
111,651000.0,315000.0,136200.0,233000.0
113,207000.0,17000.0,81000.0,81000.0
115,164200.0,19250.0,79000.0,79000.0
117,3198758.0,383970.0,275000.0,723686.0
120,3057000.0,250000.0,16000.0,369000.0
123,971000.0,2000.0,75000.0,360500.0
127,3860000.0,270000.0,817000.0,817000.0
130,1004800.0,357700.0,141000.0,141000.0
133,1316000.0,309000.0,62700.0,180000.0
134,896000.0,456300.0,270000.0,270000.0
135,2060000.0,57500.0,75000.0,425000.0
136,325000.0,15000.0,54000.0,92000.0
143,2400000.0,595000.0,120000.0,160000.0
145,2680000.0,215000.0,95600.0,96000.0
148,643623.0,251480.0,98036.0,139860.0
149,1575000.0,620000.0,125000.0,125000.0
150,2270000.0,275000.0,491000.0,532000.0
154,703203.0,25000.0,122800.0,122800.0
158,11480000.0,2410000.0,564500.0,780000.0
168,92371.0,30822.0,65611.0,65611.0
174,1810000.0,230000.0,25550.0,400000.0
176,785000.0,82000.0,62400.0,62400.0
180,2094262.0,314000.0,437577.0,437577.0
186,2400000.0,600000.0,80000.0,450000.0
187,1104000.0,275000.0,55000.0,205000.0
189,1835000.0,250000.0,92000.0,328000.0
190,1480000.0,528000.0,120000.0,288000.0
193,5600000.0,1219000.0,298000.0,655000.0
197,1180000.0,470000.0,17500.0,112000.0
198,589200.0,394343.0,122069.0,120840.0
201,1747500.0,485600.0,125435.0,254500.0
206,4710000.0,270000.0,10000.0,380000.0
207,1020000.0,5000.0,165000.0,165000.0
208,1800000.0,150000.0,90000.0,160000.0
210,425127.0,31754.0,78709.0,78709.0
211,537000.0,8500.0,320000.0,330000.0
215,2300500.0,1200000.0,323750.0,330000.0
217,360000.0,100000.0,145000.0,150000.0
218,1468933.0,495043.0,261450.0,306645.0
219,1800000.0,260000.0,170000.0,170000.0
227,3330000.0,1379000.0,165000.0,470000.0
228,1300000.0,295000.0,221000.0,229000.0
237,768000.0,7000.0,217552.0,217552.0
238,1014000.0,550000.0,118632.0,118632.0
239,2135000.0,1320000.0,206500.0,400000.0
240,106800.0,69000.0,72000.0,72000.0
241,5660000.0,249000.0,50000.0,95000.0
243,2915000.0,315000.0,65000.0,168000.0
244,367000.0,5700.0,200000.0,200500.0
246,900000.0,400000.0,190000.0,190000.0
248,1292000.0,564000.0,151600.0,193500.0
249,11575000.0,345000.0,400000.0,565000.0
250,1457000.0,199000.0,102177.0,273500.0
251,209000.0,8000.0,160000.0,167500.0
252,137477.0,6692.0,32000.0,75000.0
254,500000.0,700.0,40000.0,140000.0
271,1923000.0,496300.0,198000.0,212000.0
273,3470000.0,8000.0,150000.0,540000.0
274,1435000.0,83000.0,210000.0,228000.0
277,421087.0,3000.0,197000.0,197000.0
282,918000.0,280000.0,145500.0,202500.0
283,2220000.0,900000.0,262400.0,395000.0
284,685000.0,172000.0,172000.0,172000.0
285,118099.0,6900.0,127500.0,127500.0
290,2488500.0,650000.0,120000.0,375000.0
291,2804290.0,592118.0,274000.0,379500.0
292,1845000.0,530000.0,375000.0,375000.0
295,1835000.0,197000.0,75000.0,357000.0
296,4215000.0,489000.0,375000.0,375000.0
299,1006500.0,278000.0,141556.0,141556.0
301,288000.0,30000.0,139700.0,135100.0
302,385000.0,21000.0,163100.0,206500.0
305,430000.0,10000.0,226300.0,257200.0
307,561250.0,168600.0,131792.0,163000.0
308,360000.0,20000.0,53400.0,210000.0
310,6976000.0,776000.0,109700.0,156000.0
315,1406000.0,500000.0,107500.0,300000.0
317,810000.0,323000.0,50000.0,180000.0
320,110500.0,35000.0,71600.0,72250.0
322,1575000.0,365000.0,192500.0,200000.0
323,2675000.0,638000.0,115000.0,225000.0
327,1550000.0,50000.0,210000.0,210000.0
328,2367000.0,761000.0,360100.0,389000.0
329,740000.0,4500.0,80000.0,80000.0
330,160000.0,14000.0,97700.0,105000.0
337,1181075.0,456445.0,86850.0,159000.0
338,416400.0,5000.0,138805.0,149000.0
341,2822000.0,541000.0,213500.0,209000.0
342,1160000.0,473200.0,250000.0,250000.0
344,3400000.0,280000.0,90000.0,186000.0
346,1760000.0,355000.0,105600.0,135000.0
351,439200.0,154000.0,169464.0,159800.0
353,1205000.0,20000.0,169000.0,184800.0
355,3380000.0,125000.0,325000.0,325000.0
356,1800000.0,700000.0,350000.0,350000.0
358,1886500.0,550000.0,260000.0,260000.0
366,1115000.0,273000.0,161120.0,208400.0
368,11901000.0,497500.0,150000.0,150000.0
370,1157000.0,240000.0,96000.0,315000.0
371,3095000.0,460000.0,80000.0,420001.0
373,835000.0,458000.0,155000.0,155000.0
375,1624600.0,29600.0,65000.0,166000.0
377,487887.0,82150.0,129700.0,143794.0
378,2317000.0,478900.0,110000.0,385000.0
385,890000.0,446000.0,96000.0,210000.0
387,729000.0,228000.0,119400.0,123000.0
388,686000.0,10000.0,90000.0,450000.0
389,969000.0,360000.0,150000.0,330000.0
396,1166000.0,58000.0,188200.0,188200.0
397,3126190.0,300000.0,417000.0,507000.0
398,1342000.0,245300.0,308300.0,365000.0
402,1455990.0,833000.0,228600.0,235000.0
409,2590000.0,500000.0,370000.0,370000.0
414,47000.0,100500.0,8330.0,108800.0
415,976000.0,360000.0,180000.0,244000.0
418,5586000.0,671000.0,815000.0,815000.0
419,983000.0,177000.0,138000.0,138000.0
421,4236000.0,95000.0,882000.0,889000.0
424,2239000.0,1120000.0,750000.0,750000.0
425,2134000.0,1200.0,235600.0,341000.0
427,469300.0,6500.0,160783.0,182211.0
428,720000.0,172000.0,172000.0,172000.0
430,1710000.0,12000.0,120000.0,295000.0
431,820500.0,230000.0,83028.0,212000.0
433,1082500.0,682500.0,99150.0,150911.0
434,4172000.0,1083500.0,125200.0,417000.0
438,1673000.0,535000.0,185400.0,302000.0
439,1368000.0,540000.0,70000.0,256000.0
440,3300000.0,275000.0,100000.0,280000.0
442,400000.0,2000.0,40000.0,132000.0
450,1360500.0,475000.0,70000.0,150000.0
452,1815000.0,290000.0,65000.0,334000.0
453,2500000.0,400000.0,150000.0,460000.0
457,1409310.0,847642.0,76517.0,131654.0
458,175000.0,36000.0,115686.0,243800.0
465,7920.0,68470.0,91358.0,91725.0
467,1737302.0,513014.0,252350.0,252350.0
468,222000.0,2000.0,153000.0,153000.0
470,1720000.0,500000.0,630000.0,630000.0
471,1430000.0,385000.0,140684.0,156400.0
475,1545000.0,913900.0,209122.0,172000.0
477,2594500.0,507800.0,225100.0,225100.0
479,1105000.0,282900.0,65000.0,190000.0
481,666000.0,250000.0,50000.0,136000.0
482,740500.0,123000.0,149905.0,150550.0
483,1550000.0,325000.0,53300.0,260000.0
485,1475000.0,27000.0,125000.0,125700.0
487,3265000.0,900000.0,332000.0,325000.0
499,2185000.0,4000.0,60000.0,180000.0
500,1070000.0,615000.0,80000.0,210000.0
501,1139000.0,540000.0,124000.0,124000.0
502,4484000.0,4411.0,85000.0,114000.0
503,515000.0,10000.0,188000.0,196000.0
505,1699000.0,357500.0,302000.0,344000.0
509,129000.0,8500.0,73100.0,101200.0
511,40000.0,33600.0,68081.0,69000.0
514,1090000.0,285000.0,64000.0,128000.0
518,425000.0,65000.0,93200.0,120000.0
521,881150.0,220000.0,121000.0,283000.0
523,385500.0,200000.0,100000.0,100000.0
524,1105000.0,498000.0,201600.0,201600.0
525,2269000.0,139000.0,256500.0,260000.0
526,611900.0,228000.0,102680.0,103557.0
529,1223038.0,12367.0,196863.0,196863.0
530,1800000.0,259000.0,244000.0,244000.0
531,3985000.0,290000.0,255000.0,669000.0
532,980000.0,366000.0,220000.0,220000.0
533,656000.0,90000.0,102700.0,105000.0
535,302208.0,188310.0,61815.0,61852.0
536,2403143.0,215607.0,235000.0,235000.0
539,2325000.0,474000.0,290000.0,290000.0
540,1560000.0,100000.0,80000.0,430000.0
543,1550000.0,170000.0,238700.0,240000.0
544,190000.0,1200.0,166574.0,140000.0
545,1305554.0,450896.0,259676.0,259676.0
547,1357000.0,315000.0,224300.0,230400.0
548,1783166.0,341000.0,225133.0,319000.0
549,2279692.0,91000.0,60000.0,565000.0
551,475415.0,1095.0,136797.0,136797.0
554,1626000.0,583000.0,63000.0,215000.0
556,281000.0,250.0,21900.0,37800.0
557,865000.0,173000.0,222000.0,222000.0
558,1740000.0,300000.0,210300.0,370000.0
559,1270000.0,220000.0,118650.0,245000.0
561,1810000.0,375000.0,96000.0,500000.0
562,1325000.0,114000.0,360000.0,380000.0
565,1044848.0,153500.0,197912.0,193846.0
568,2081200.0,572500.0,135600.0,140000.0
571,2610000.0,170000.0,60000.0,285000.0
574,404000.0,21500.0,90886.0,126800.0
575,490000.0,250000.0,29000.0,80000.0
580,970050.0,193000.0,147500.0,156000.0
581,1581000.0,729000.0,90000.0,240000.0
582,1186972.0,276804.0,286000.0,286000.0
585,1200000.0,400000.0,179200.0,189000.0
586,512100.0,13000.0,210784.0,210784.0
588,2675000.0,470000.0,250500.0,266000.0
593,780000.0,270000.0,243000.0,243000.0
595,1861169.0,174571.0,67315.0,251849.0
597,982000.0,14000.0,163000.0,163000.0
603,1870000.0,245000.0,180700.0,192000.0
604,1185000.0,167000.0,533350.0,533350.0
607,828000.0,150000.0,131560.0,131560.0
608,1115000.0,250000.0,179000.0,372000.0
614,2001000.0,800000.0,476000.0,476000.0
619,1305000.0,550000.0,201500.0,201500.0
620,680000.0,497000.0,38000.0,133500.0
624,427000.0,8000.0,60000.0,92925.0
627,155959.0,47300.0,148753.0,146371.0
628,3475000.0,760000.0,469000.0,493000.0
630,1680000.0,200000.0,382000.0,510000.0
637,2506000.0,500000.0,63000.0,278000.0
640,1067500.0,356000.0,228024.0,300500.0
641,690000.0,420000.0,52200.0,220000.0
642,233000.0,3000.0,30000.0,101500.0
644,1332358.0,329518.0,134360.0,134360.0
647,1235000.0,322000.0,353900.0,446000.0
650,1871500.0,10010000.0,210000.0,210000.0
652,1300000.0,384000.0,45000.0,150000.0
653,5310000.0,1850000.0,400000.0,425000.0
655,661000.0,10000.0,416300.0,445000.0
656,1167700.0,394400.0,124208.0,159997.0
659,256000.0,20370.0,182100.0,200000.0
660,1295000.0,72000.0,200000.0,200000.0
661,431000.0,19000.0,199500.0,199500.0
668,1200000.0,89000.0,70000.0,120000.0
670,1870000.0,235000.0,397255.0,397255.0
672,1550000.0,305000.0,90000.0,245000.0
673,1334020.0,188000.0,183200.0,146300.0
674,1156250.0,392000.0,303500.0,363500.0
675,1770000.0,262000.0,50000.0,160000.0
683,334000.0,10000.0,80000.0,80700.0
684,468000.0,280000.0,73500.0,85000.0
686,940000.0,150000.0,88000.0,88000.0
687,2130000.0,130000.0,102000.0,295000.0
689,1790000.0,400000.0,321000.0,321000.0
691,3105000.0,700000.0,425000.0,425000.0
694,2045000.0,2000.0,515000.0,515000.0
697,1238200.0,34800.0,76482.0,94940.0
700,416000.0,2000.0,72000.0,72000.0
702,2685000.0,199000.0,125000.0,169500.0
708,16400.0,36000.0,72000.0,72000.0
710,1234000.0,512000.0,251000.0,251000.0
714,967080.0,370000.0,311798.0,314516.0
716,510000.0,299500.0,112550.0,128300.0
717,6369000.0,493000.0,561016.0,606796.0
718,2175000.0,160000.0,56000.0,60000.0
721,2202876.0,304544.0,156060.0,202000.0
722,3830000.0,205000.0,180000.0,600000.0
724,1091500.0,295000.0,54000.0,168500.0
725,1423200.0,385000.0,60000.0,300000.0
726,3329000.0,670000.0,110000.0,305000.0
727,337000.0,190500.0,85000.0,95000.0
728,1380000.0,202000.0,229500.0,229500.0
730,1094000.0,501500.0,89800.0,126886.0
739,262500.0,50270.0,117000.0,117000.0
743,505000.0,8500.0,200000.0,334000.0
747,1432500.0,150000.0,192730.0,193200.0
748,3150000.0,762000.0,90000.0,980000.0
751,1377000.0,470000.0,81700.0,220000.0
756,3457000.0,275000.0,245000.0,245000.0
764,986000.0,9500.0,139000.0,204000.0
766,1975000.0,670000.0,518500.0,541000.0
767,269000.0,18500.0,45000.0,175000.0
769,1317750.0,20000.0,48000.0,260000.0
772,708000.0,464200.0,214716.0,230200.0
773,1726000.0,70000.0,158600.0,223000.0
776,250103.0,108036.0,98495.0,98495.0
778,1865000.0,400.0,469350.0,470000.0
785,816500.0,398000.0,281100.0,281100.0
788,4355000.0,205000.0,115000.0,647000.0
790,1523900.0,488400.0,165000.0,266704.0
792,57197.0,24500.0,87163.0,85184.0
793,2705000.0,300000.0,211500.0,253000.0
794,2375000.0,795000.0,249000.0,249000.0
798,2528000.0,400000.0,100000.0,215000.0
802,881600.0,284000.0,244890.0,254000.0
803,818000.0,167000.0,165000.0,165000.0
805,535000.0,151000.0,160000.0,160000.0
806,4144000.0,396000.0,492000.0,492000.0
808,228500.0,113300.0,59700.0,67832.0
810,346000.0,130000.0,82340.0,85000.0
811,5000000.0,220000.0,144000.0,100000.0
814,56291.0,24818.0,90500.0,90500.0
820,695000.0,268000.0,161000.0,230000.0
822,1705000.0,655000.0,335000.0,335000.0
824,352022.0,144500.0,109100.0,109100.0
825,570000.0,224000.0,130000.0,140820.0
831,1268000.0,815000.0,8600.0,215000.0
837,567500.0,291400.0,216000.0,106000.0
838,955000.0,224722.0,213380.0,213380.0
839,675000.0,270000.0,145550.0,175000.0
840,3530000.0,250000.0,82000.0,350000.0
841,879700.0,464000.0,90000.0,217000.0
842,2100000.0,300000.0,134100.0,200000.0
849,1587000.0,300000.0,235800.0,269800.0
850,3165000.0,760000.0,165000.0,659000.0
852,101000.0,21000.0,169500.0,169500.0
853,1566000.0,800000.0,330000.0,330000.0
860,1970000.0,83000.0,280000.0,280000.0
861,2436000.0,1255000.0,392000.0,392000.0
866,96000.0,30000.0,120000.0,138000.0
869,7050000.0,988000.0,180000.0,322500.0
870,1670000.0,900000.0,150000.0,300000.0
872,729896.0,22940.0,192833.0,192833.0
875,2700000.0,225000.0,78000.0,215000.0
878,2020000.0,140000.0,269600.0,269600.0
879,1019000.0,316900.0,145400.0,228000.0
884,1995000.0,1057000.0,553500.0,553500.0
886,1290000.0,335000.0,175000.0,175000.0
888,1846000.0,273000.0,368886.0,371979.0
890,2084052.0,302868.0,420953.0,458953.0
891,2152000.0,250000.0,100000.0,300000.0
893,4860000.0,2200000.0,450000.0,450000.0
896,672600.0,209000.0,83000.0,120000.0
900,345000.0,265000.0,99600.0,108575.0
901,1050500.0,415000.0,240000.0,240000.0
902,4860000.0,260000.0,60000.0,350000.0
903,312000.0,127000.0,3000.0,74000.0
906,2170500.0,220000.0,90000.0,202000.0
911,1050000.0,250000.0,25000.0,165000.0
914,525000.0,430325.0,392500.0,392500.0
915,713598.0,11275.0,342699.0,342699.0
919,1235000.0,150000.0,55000.0,207500.0
923,1060000.0,80000.0,200000.0,200000.0
929,2905000.0,1000000.0,25000.0,55000.0
930,51000.0,12000.0,181000.0,181000.0
931,3820000.0,440000.0,72000.0,295000.0
932,1750000.0,120000.0,120000.0,220000.0
934,788000.0,96000.0,105100.0,108923.0
937,2295000.0,535000.0,315000.0,315000.0
938,1100000.0,46500.0,45000.0,120000.0
940,1715597.0,391200.0,441100.0,472990.0
943,3468290.0,1884000.0,399700.0,552600.0
944,294000.0,14000.0,72690.0,73000.0
945,5023600.0,4000.0,325000.0,325000.0
947,1618000.0,300000.0,80000.0,80000.0
955,1830000.0,400000.0,60000.0,169000.0
957,495000.0,340000.0,105200.0,120000.0
958,540000.0,300500.0,97550.0,105000.0
960,741673.0,380000.0,162109.0,162000.0
961,2280000.0,595000.0,250000.0,275000.0
964,1167500.0,140000.0,227500.0,216000.0
969,545000.0,320800.0,206700.0,206700.0
972,42500.0,30000.0,30000.0,103300.0
974,2150000.0,515000.0,190000.0,260000.0
975,1000000.0,74000.0,185035.0,186000.0
977,80000.0,10000.0,100000.0,110000.0
978,399300.0,2900.0,145966.0,147215.0
979,2333000.0,328000.0,64850.0,222000.0
980,1559700.0,290100.0,184250.0,184250.0
983,777535.0,389140.0,269112.0,269112.0
984,4982200.0,225000.0,500000.0,500000.0
986,5939600.0,1290000.0,470000.0,510000.0
988,1051000.0,560000.0,139000.0,240000.0
990,143000.0,7000.0,111320.0,119250.0
994,1220000.0,365000.0,300000.0,300000.0
1000,610000.0,51000.0,491000.0,491000.0
1002,4090000.0,397000.0,120000.0,40000.0
1003,2750000.0,9000.0,484100.0,500000.0
1009,2560000.0,875000.0,500000.0,500000.0
1010,510000.0,35000.0,19765.0,460000.0
1011,790000.0,280000.0,50000.0,115000.0
1012,150737.0,8424.0,107107.0,107107.0
1018,151000.0,2500.0,49400.0,61200.0
1020,1229000.0,633000.0,490000.0,550000.0
1029,2189000.0,260000.0,100000.0,200000.0
1030,917000.0,275000.0,145000.0,145000.0
1031,5770000.0,1150000.0,150000.0,611500.0
1032,726462.0,284413.0,188214.0,276793.0
1045,1050000.0,300000.0,40000.0,80000.0
1046,691000.0,268000.0,66100.0,86100.0
1048,292000.0,6500.0,105000.0,105000.0
1058,1403000.0,610000.0,163800.0,180700.0
1059,1894000.0,472000.0,307000.0,307000.0
1060,2225000.0,290000.0,251500.0,360000.0
1061,746455.0,344811.0,513980.0,513980.0
1063,2198000.0,247000.0,159800.0,178600.0
1068,1760000.0,257000.0,48000.0,270000.0
1069,603700.0,164000.0,135250.0,130000.0
1070,12910000.0,1000000.0,350000.0,350000.0
1071,1800000.0,192000.0,99000.0,206500.0
1072,1050000.0,310000.0,199700.0,221984.0
1074,695500.0,155000.0,240000.0,240000.0
1075,422000.0,49000.0,153411.0,174963.0
1076,1425000.0,125000.0,55000.0,144040.0
1077,1505000.0,204700.0,108300.0,190000.0
1080,1062395.0,597000.0,76149.12,159100.0
1085,930000.0,360000.0,210000.0,210000.0
1087,1121100.0,238527.0,123764.0,121100.0
1092,1650000.0,660000.0,120000.0,279000.0
1093,1182000.0,7000.0,40000.0,110000.0
1097,1446000.0,394158.0,75000.0,251500.0
1102,1131000.0,45000.0,127200.0,127200.0
1105,2934000.0,350000.0,198100.0,378000.0
1107,999000.0,166000.0,122000.0,122000.0
1108,1265451.0,609466.0,151230.0,188221.0
1111,2068000.0,543409.0,383055.0,383055.0
1113,605000.0,122000.0,68100.0,162000.0
1115,1720000.0,147000.0,90000.0,180000.0
1117,2480000.0,460000.0,256400.0,285000.0
1119,4027000.0,25000.0,55000.0,225000.0
1124,3562000.0,357000.0,120000.0,460000.0
1125,1530000.0,118000.0,80000.0,200000.0
1128,3005000.0,200000.0,500000.0,500000.0
1130,1870000.0,550000.0,207000.0,200000.0
1131,2770000.0,275000.0,264000.0,250000.0
1133,1816000.0,275000.0,387600.0,387600.0
1138,325724.0,65535.0,168157.0,160000.0
1139,758000.0,88500.0,76400.0,135500.0
1142,905000.0,252000.0,190000.0,190000.0
1149,610000.0,288000.0,92500.0,92500.0
1151,4550000.0,850000.0,240000.0,500000.0
1152,345000.0,8800.0,30000.0,121000.0
1159,230000.0,30000.0,60230.0,95000.0
1170,11520000.0,985000.0,896000.0,896000.0
1173,1763500.0,560000.0,278100.0,260000.0
1178,7271742.0,850000.0,448029.0,540508.0
1179,137000.0,12000.0,107000.0,107000.0
1189,3422000.0,700000.0,340000.0,340000.0
1192,1590000.0,220000.0,175020.0,213935.0
1195,825000.0,354000.0,177900.0,177900.0
1200,935000.0,242000.0,192000.0,173520.0
1201,3105000.0,290000.0,300000.0,300000.0
1206,615000.0,140000.0,35000.0,190000.0
1207,2100000.0,280000.0,90000.0,286500.0
1209,2160000.0,1160000.0,200000.0,500000.0
1210,3540000.0,580000.0,225000.0,525000.0
1211,120000.0,6000.0,125000.0,125000.0
1212,1175160.0,132547.0,215054.0,233713.0
1213,2170000.0,20000.0,195000.0,195000.0
1215,352000.0,185000.0,140900.0,196500.0
1216,965141.0,344788.0,309437.0,309437.0
1219,1400000.0,650000.0,58600.0,165000.0
1220,470394.0,449286.0,221277.0,179925.0
1226,748700.0,264000.0,126000.0,235000.0
1227,4470000.0,640000.0,132000.0,478000.0
1228,669850.0,431000.0,163000.0,163000.0
1229,4470000.0,800000.0,150000.0,425000.0
1230,300000.0,30000.0,98000.0,193600.0
1232,1395000.0,2000.0,155000.0,155000.0
1233,1100000.0,412000.0,228550.0,221300.0
1234,2081000.0,246000.0,352000.0,352000.0
1236,9090000.0,5000.0,240000.0,600000.0
1237,871000.0,301500.0,90000.0,200000.0
1238,1294000.0,300500.0,133000.0,133700.0
1239,826590.0,220000.0,40309.0,187000.0
1242,887000.0,162000.0,134800.0,233000.0
1243,360000.0,20000.0,40000.0,265000.0
1244,3015000.0,500000.0,496000.0,650000.0
1245,354000.0,142000.0,72000.0,72000.0
1247,3799494.0,1998.0,120380.0,352147.0
1249,4230000.0,10000.0,248000.0,320000.0
1250,2034800.0,1224000.0,236000.0,236000.0
1254,1555000.0,26000.0,170700.0,235000.0
1255,410500.0,232000.0,106000.0,106000.0
1256,741000.0,326000.0,103000.0,125000.0
1258,4425000.0,900000.0,150000.0,235000.0
1260,729000.0,165000.0,127000.0,127000.0
1261,1271000.0,216100.0,213450.0,213450.0
1265,330000.0,30000.0,79600.0,81200.0
1268,794878.0,139078.0,118150.0,125239.0
1269,1573358.0,363000.0,172899.0,204145.0
1270,1324000.0,204000.0,160000.0,160000.0
1275,890000.0,430000.0,162000.0,162000.0
1276,3655000.0,50000.0,126000.0,199000.0
1281,4875000.0,1305000.0,617200.0,673000.0
1282,906600.0,322500.0,185000.0,185000.0
1283,462000.0,5000.0,136196.0,136196.0
1287,733000.0,350000.0,172750.0,172000.0
1290,3475000.0,711000.0,106000.0,63000.0
1291,3250000.0,5000.0,75000.0,330000.0
1292,624977.0,399882.0,154264.0,154264.0
1294,900000.0,4500.0,279500.0,279500.0
1296,844306.0,210000.0,115000.0,115000.0
1297,2295000.0,900000.0,130000.0,503500.0
1303,5100000.0,30000.0,99800.0,157900.0
1305,7910000.0,554000.0,230000.0,391000.0
1308,867659.0,6250.0,317488.0,325530.0
1310,3475000.0,747000.0,118800.0,157000.0
1311,1052629.0,128409.0,82196.0,90000.0
1314,850000.0,345500.0,139000.0,145400.0
1315,1476000.0,155000.0,90000.0,115000.0
1317,152000.0,18000.0,93500.0,93500.0
1321,810000.0,309000.0,76000.0,200000.0
1325,460000.0,229000.0,56300.0,80500.0
1327,850000.0,380000.0,191500.0,201500.0
1329,593100.0,263000.0,69860.0,88300.0
1330,1260000.0,210000.0,164400.0,164400.0
1334,777709.0,121000.0,168187.0,168187.0
1335,615000.0,80000.0,162150.0,180000.0
1336,3821000.0,164000.0,104000.0,222000.0
1337,1705000.0,342500.0,450000.0,450000.0
1341,6420000.0,2025000.0,200000.0,565000.0
1343,71500.0,15000.0,78300.0,78600.0
1345,116500.0,300.0,7875.0,130000.0
1346,1522000.0,227000.0,151869.0,151869.0
1347,3748798.0,136655.0,515818.0,515818.0
1350,300000.0,220000.0,53000.0,70000.0
1351,727000.0,440000.0,140000.0,140000.0
1352,2364000.0,595797.0,205773.02,716406.0
1353,1435000.0,270000.0,295000.0,370000.0
1354,542500.0,194000.0,134350.0,134350.0
1358,1760000.0,30000.0,168152.0,180508.0
1362,2025000.0,515000.0,300000.0,266000.0
1367,781450.0,348000.0,92550.0,141960.0
1368,1775000.0,550000.0,243450.0,538000.0
1373,3223574.0,2000.0,115000.0,115000.0
1374,580000.0,141000.0,73000.0,150000.0
1375,111721.0,6578.0,97073.0,97073.0
1376,1200000.0,540000.0,75000.0,285000.0
1378,613800.0,250000.0,64051.0,91550.0
1379,312500.0,9000.0,80000.0,190000.0
1380,2682606.0,379454.0,146343.0,146343.0
1383,1285000.0,384000.0,200000.0,200000.0
1394,355400.0,225300.0,105050.0,105050.0
1396,705000.0,300000.0,58000.0,142000.0
1397,2650000.0,800000.0,140000.0,610000.0
1399,955000.0,180000.0,72500.0,152250.0
1402,2902164.0,1126700.0,125000.0,567000.0
1404,4500000.0,1625000.0,29000.0,30750.0
1407,560000.0,2000.0,80000.0,160000.0
1408,485000.0,251000.0,140000.0,140000.0
1410,972000.0,17500.0,50250.0,56200.0
1411,2400000.0,302000.0,257000.0,343264.0
1412,365000.0,10000.0,194400.0,218000.0
1413,1750000.0,395000.0,235000.0,235000.0
1414,3350000.0,368000.0,174200.0,245000.0
1416,3350000.0,700000.0,120000.0,350000.0
1417,560000.0,316000.0,100000.0,135000.0
1418,1060000.0,189000.0,195000.0,195000.0
1421,1064000.0,74000.0,56000.0,100000.0
1424,1867500.0,276000.0,238334.0,247899.0
1429,627399.0,237064.0,108260.0,131650.0
1431,258001.0,188800.0,81650.0,84000.0
1432,652000.0,60000.0,103200.0,122000.0
1434,1443309.0,684759.0,586935.06,235000.0
1437,942062.0,63861.0,174637.0,181837.0
1443,2000000.0,272000.0,216000.0,206000.0
1444,3075000.0,575000.0,45000.0,405000.0
1447,2601000.0,24000.0,46200.0,41000.0
1448,2441000.0,142000.0,132000.0,560000.0
1451,808000.0,440000.0,195000.0,195000.0
1452,2783000.0,1002000.0,320000.0,320000.0
1454,932000.0,225967.0,294600.0,294600.0
1456,987000.0,20500.0,71342.0,134063.0
1457,2140000.0,350000.0,90000.0,300000.0
1460,297000.0,167000.0,3300.0,133300.0
1461,831000.0,348000.0,250000.0,240000.0
1462,134577.0,30120.0,145950.0,145950.0
1464,3808000.0,620000.0,95000.0,280000.0
1465,1035000.0,95000.0,28250.0,150000.0
1466,695000.0,145000.0,125000.0,125000.0
1467,762000.0,465000.0,146240.0,185500.0
1468,780000.0,120000.0,150500.0,150700.0
1474,460000.0,15000.0,67000.0,160000.0
1475,127500.0,47000.0,87000.0,87000.0
1479,1146000.0,77000.0,122888.0,178800.0
1485,2700000.0,150000.0,350000.0,350000.0
1489,1750000.0,600000.0,200000.0,200000.0
1491,2982000.0,358000.0,105340.0,312000.0
1495,130000.0,45000.0,1960.0,90000.0
1497,2825000.0,115000.0,96500.0,228000.0
1499,844200.0,55000.0,50000.0,215000.0
1502,2114043.0,94215.0,217501.0,278000.0
1503,949000.0,215000.0,65000.0,241000.0
1504,6814700.0,1616000.0,170000.0,540000.0
1506,1181203.0,68100.0,156620.0,156000.0
1507,563000.0,122000.0,148000.0,148000.0
1511,2131000.0,815000.0,134900.0,255200.0
1512,66000.0,21000.0,128400.0,125000.0
1513,323977.0,14340.0,110000.0,118000.0
1514,7500000.0,5000.0,220000.0,270000.0
1519,1585877.0,184165.0,79420.0,84986.0
1520,2003000.0,300000.0,185000.0,176000.0
1521,1167200.0,320500.0,123800.0,123800.0
1523,1862000.0,1340000.0,487500.0,790000.0
1525,433800.0,118000.0,109720.0,126000.0
1526,730000.0,458000.0,152680.0,152680.0
1527,2065000.0,396000.0,341500.0,448000.0
1538,385000.0,20500.0,125420.0,134284.0
1539,770000.0,164000.0,128100.0,134000.0
1542,624600.0,221951.0,103700.0,103700.0
1545,345030.0,102000.0,25000.0,78000.0
1547,1400000.0,400000.0,250000.0,250000.0
1552,1514000.0,659200.0,107200.0,297000.0
1554,601500.0,150000.0,40000.0,92000.0
1563,345000.0,185000.0,76000.0,251000.0
1566,2197000.0,875000.0,196000.0,196000.0
1568,630000.0,2000.0,96750.0,151000.0
1572,978700.0,242000.0,29262.0,29000.0
1573,1777654.0,300000.0,342454.0,342454.0
1574,512700.0,2500.0,111000.0,111000.0
1577,623000.0,60500.0,141160.0,141160.0
1578,580000.0,235000.0,7820.0,165000.0
1581,2500000.0,325000.0,550000.0,550000.0
1584,1235000.0,160000.0,65000.0,270000.0
1588,900000.0,93000.0,223410.0,327000.0
1590,994200.0,185500.0,145960.0,208000.0
1597,7825000.0,100000.0,450000.0,900000.0
1598,616000.0,47000.0,380000.0,380000.0
1599,2010000.0,403000.0,168400.0,215000.0
1600,5185000.0,536000.0,320800.0,500000.0
1602,2471000.0,100000.0,216500.0,240000.0
1603,1525000.0,500000.0,177000.0,210000.0
1604,1875000.0,305000.0,375000.0,430000.0
1607,4250000.0,860000.0,547700.0,547700.0
1608,1610000.0,320000.0,240800.0,240800.0
1609,1359000.0,150000.0,235600.0,249000.0
1610,2590000.0,600000.0,397200.0,455000.0
1612,6535000.0,200000.0,226944.0,252000.0
1614,1842000.0,352000.0,155000.0,155000.0
1615,2565000.0,600000.0,90000.0,610000.0
1616,1123000.0,410000.0,120100.0,187000.0
1618,1935000.0,640000.0,274000.0,325000.0
1620,925000.0,274000.0,43800.0,130000.0
1622,28920.0,17500.0,44800.0,95000.0
1623,525000.0,45000.0,80000.0,300000.0
1627,725.0,15.0,305295.0,341000.0
1630,254000.0,65250.0,48900.0,194250.0
1634,2645000.0,693932.0,207667.0,250000.0
1636,1419000.0,930000.0,114700.0,231300.0
1638,2500000.0,150000.0,650000.0,650000.0
1639,355000.0,195000.0,20000.0,95000.0
1640,4163000.0,579000.0,172300.0,622400.0
1644,3645000.0,523000.0,650000.0,650000.0
1645,201200.0,56421.0,122485.0,122485.0
1648,720000.0,100000.0,65000.0,190000.0
1650,661500.0,220000.0,65000.0,210000.0
1651,1100000.0,240000.0,155000.0,155000.0
1653,9865000.0,80000.0,300000.0,332500.0
1656,580000.0,405000.0,108800.0,109000.0
1659,220500.0,190000.0,195000.0,204600.0
1667,699000.0,500.0,205700.0,206000.0
1670,1317000.0,221500.0,158200.0,215000.0
1671,514000.0,254000.0,81000.0,165000.0
1673,1463000.0,413000.0,248000.0,300000.0
1675,412000.0,9000.0,120000.0,95000.0
1676,1305000.0,170000.0,275000.0,275000.0
1678,2000000.0,194000.0,70000.0,27000.0
1679,649856.0,85677.0,76132.0,78583.0
1680,3010000.0,683000.0,458000.0,458000.0
1686,7000.0,20000.0,45485.0,45485.0
1688,870000.0,295000.0,193000.0,203000.0
1689,1598000.0,184000.0,236000.0,330000.0
1696,1213000.0,185000.0,220000.0,220000.0
1699,170000.0,350.0,43000.0,96600.0
1705,1460000.0,297000.0,165300.0,224000.0
1706,1198000.0,330000.0,5050.0,303000.0
1709,6500000.0,3420000.0,94100.0,520000.0
1710,690000.0,22000.0,93500.0,107000.0
1711,306250.0,5000.0,128000.0,128000.0
1712,205000.0,20000.0,36780.0,86000.0
1720,2600000.0,450000.0,146000.0,146000.0
1722,2444000.0,447000.0,84000.0,255000.0
1723,60000.0,55000.0,70000.0,70000.0
1727,2338000.0,303000.0,16000.0,324000.0
1729,2645000.0,300000.0,186400.0,200000.0
1735,2470000.0,800000.0,400400.0,410000.0
1738,2802000.0,350000.0,78000.0,220000.0
1740,1439000.0,40000.0,300000.0,300000.0
1742,2052000.0,26760.0,90000.0,180000.0
1743,470000.0,30000.0,329000.0,330000.0
1744,1800000.0,300000.0,135500.0,400000.0
1745,2813991.0,459260.0,427400.0,427400.0
1746,2735000.0,545000.0,536000.0,536000.0
1747,2300000.0,90000.0,204000.0,204000.0
1750,925000.0,319000.0,100000.0,160000.0
1756,2500000.0,998000.0,341000.0,341000.0
1757,1655000.0,204100.0,90000.0,530000.0
1762,8942000.0,300000.0,110000.0,350000.0
1763,1190000.0,17000.0,166500.0,321380.0
