,Annual Income,Annual Expenses,Housing,Utilities,Transportation,Necessities,Luxuries,Children,Debt Repayment,Charity,Taxes,Education,Other
135,690000.0,681100.0000004,21600.0,2400.0,500.0,10000.0,6600.0,1e-07,1e-07,1e-07,320000.0,0.0,0.0
281,490000.0,370800.0,28000.0,2000.0,200.0,8000.0,1500.0,40000.0,0.0,100.0,135000.0,0.0,0.0
359,185000.0,159001.0,24000.0,2000.0,7000.0,10000.0,5000.0,15000.0,0.0,1.0,40000.0,0.0,0.0
460,260000.0,177100.0,50000.0,3000.0,2000.0,5000.0,3000.0,2000.0,100.0,5000.0,40000.0,3000.0,2000.0
471,180000.0,92505.0,18000.0,4000.0,2000.0,5000.0,10000.0,1.0,1.0,1.0,20000.0,1.0,1.0
499,110000.0,125450.0,22000.0,6000.0,7000.0,5000.0,10000.0,2000.0,7000.0,250.0,15000.0,3700.0,17000.0
539,114000.0,66603.0,12000.0,2000.0,1000.0,8000.0,20000.0,1.0,0.0,1.0,22000.0,0.0,0.0
542,80000.0,79924.430000002,8400.0,240.0,3000.0,3000.0,2000.0,1e-09,0.0,1284.43,22000.0,0.0,0.0
569,350000.0,237005.0,27000.0,5000.0,2000.0,8000.0,2000.0,1.0,1.0,1.0,70000.0,1.0,1.0
590,96071.0,77228.0,21031.0,1381.0,3678.0,2469.0,6449.0,1.0,0.0,1.0,10267.0,0.0,0.0
688,120000.0,95502.0,15000.0,2500.0,1000.0,4000.0,2000.0,1.0,0.0,1.0,15000.0,0.0,0.0
774,140000.0,7237.0,1407.0,280.0,650.0,1000.0,50.0,200.0,50.0,100.0,700.0,0.0,0.0
860,170500.0,168501.0,26400.0,1200.0,2000.0,6000.0,2400.0,22000.0,18000.0,1.0,40500.0,0.0,0.0
935,171000.0,180800.0,24000.0,5300.0,6700.0,18000.0,10000.0,10000.0,0.0,3500.0,15000.0,0.0,16000.0
953,456050.0,458450.0,42000.0,2500.0,1300.0,7200.0,9100.0,2600.0,0.0,150.0,159000.0,0.0,0.0
954,179700.0,179763.0,21211.0,4787.0,6980.0,14353.0,8700.0,25650.0,0.0,1800.0,29822.0,635.0,6060.0
988,182910.0,195065.0,15000.0,9522.0,7080.0,14000.0,17400.0,3200.0,0.0,11000.0,33000.0,0.0,1600.0
1030,200000.0,168104.0,35000.0,5000.0,10000.0,12000.0,1200.0,1.0,2400.0,1.0,60000.0,1.0,1.0
1100,250000.0,196030.02000000002,13330.0,3600.0,6500.0,9600.0,10000.0,0.01,17000.0,0.01,42000.0,0.0,5000.0
1125,370000.0,369600.0,30000.0,1700.0,5600.0,6000.0,44000.0,2000.0,0.0,1000.0,134000.0,0.0,0.0
1191,280000.0,241503.0,14000.0,2000.0,2000.0,12000.0,1000.0,1.0,1.0,500.0,60000.0,100000.0,1.0
1210,130000.0,76500.04999999999,21000.0,4000.0,500.0,3000.0,5000.0,0.01,0.01,0.01,10000.0,0.01,0.01
1226,189000.0,59787.0,2400.0,180.0,1.0,400.0,100.0,1.0,1.0,1.0,56700.0,1.0,0.0
1288,160000.0,80823.0,15000.0,4700.0,4300.0,7200.0,6400.0,1.0,15000.0,1.0,25220.0,0.0,0.0
1298,90000.0,71201.0,10000.0,700.0,400.0,1000.0,100.0,1.0,0.0,1000.0,15000.0,0.0,0.0
1341,250000.0,256200.0,45000.0,2400.0,1300.0,10000.0,5000.0,5000.0,0.0,2000.0,64500.0,0.0,0.0
1449,380000.0,373100.0,55000.0,8500.0,13600.0,17000.0,42000.0,30000.0,24000.0,3000.0,60000.0,0.0,0.0
1496,165000.0,263500.03,10000.0,10000.0,1500.0,13000.0,35000.0,0.01,0.01,0.01,31000.0,0.0,0.0
1536,160000.0,136422.0,10176.0,5592.0,3540.0,6792.0,10248.0,4620.0,0.0,14400.0,29321.0,0.0,3600.0
1553,251000.0,203503.0,18000.0,7000.0,14000.0,16000.0,2500.0,35000.0,24000.0,1.0,40000.0,1.0,1.0
1564,215000.0,169500.0,30000.0,5000.0,17500.0,6000.0,6000.0,10000.0,0.0,500.0,30000.0,500.0,0.0
1616,268000.0,160384.0,32000.0,4800.0,9600.0,12000.0,5000.0,10000.0,0.0,1000.0,44984.0,0.0,0.0
1690,161000.0,107840.0,15600.0,9840.0,5100.0,7200.0,3500.0,500.0,8000.0,21100.0,22000.0,2000.0,5000.0
1700,190000.0,192004.0,44000.0,4000.0,3000.0,6000.0,5000.0,1.0,1.0,1.0,60000.0,0.0,0.0
1932,110000.0,110850.0,20500.0,2950.0,5800.0,13500.0,11000.0,2000.0,0.0,28000.0,13900.0,0.0,0.0
1971,70283.0,85692.45999999999,8976.0,301.0,2930.0,1367.0,2690.0,0.01,12332.43,0.01,15916.0,0.0,0.0
1973,280000.0,192501.0,40000.0,6000.0,3000.0,18000.0,12000.0,1500.0,0.0,1.0,67000.0,0.0,0.0
